Configuração,Iterações/Gerações,Seleção de pais,Recombinação,Mutação,Tamanho população,PR,PM,Menor Fitness,Maior Fitness,Menor Fitness Medio,Maior Fitness Medio,Tempo (ms) 2 execuções
Dados de 5000 iteracoes_SelecaoFPS_RecombinacaoCrossoverUmPontoInteira_com PR 0.75_MutacaoIncrementosLentos_com PM 0.03_populacao 50.csv,5000,SelecaoFPS,RecombinacaoCrossoverUmPontoInteira,MutacaoIncrementosLentos,50,0.75,0.03,9.417171826859132,2113.6830179568747,16.11751092879121,1802.3240978214762,67497.157037
Dados de 5000 iteracoes_SelecaoFPS_RecombinacaoCrossoverUmPontoInteira_com PR 0.75_MutacaoIncrementosLentos_com PM 0.06_populacao 50.csv,5000,SelecaoFPS,RecombinacaoCrossoverUmPontoInteira,MutacaoIncrementosLentos,50,0.75,0.06,4.859194782009075,4088.123325598666,7.965820555104414,3103.0358120993187,42439.940572
Dados de 5000 iteracoes_SelecaoFPS_RecombinacaoCrossoverUmPontoInteira_com PR 0.75_MutacaoIncrementosLentos_com PM 0.1_populacao 50.csv,5000,SelecaoFPS,RecombinacaoCrossoverUmPontoInteira,MutacaoIncrementosLentos,50,0.75,0.1,6.6737844418664976,2325.1020290079055,7.264276292627061,1852.642723872254,34251.259959
Dados de 5000 iteracoes_SelecaoFPS_RecombinacaoCrossoverUmPontoInteira_com PR 0.85_MutacaoIncrementosLentos_com PM 0.03_populacao 50.csv,5000,SelecaoFPS,RecombinacaoCrossoverUmPontoInteira,MutacaoIncrementosLentos,50,0.85,0.03,7.2125555295203565,3959.4216108584583,23.303669008363066,3026.201780729289,66253.75646
Dados de 5000 iteracoes_SelecaoFPS_RecombinacaoCrossoverUmPontoInteira_com PR 0.85_MutacaoIncrementosLentos_com PM 0.06_populacao 50.csv,5000,SelecaoFPS,RecombinacaoCrossoverUmPontoInteira,MutacaoIncrementosLentos,50,0.85,0.06,8.686748703902675,3212.502580325014,9.931972480956539,2702.204142086699,41535.066331
Dados de 5000 iteracoes_SelecaoFPS_RecombinacaoCrossoverUmPontoInteira_com PR 0.85_MutacaoIncrementosLentos_com PM 0.1_populacao 50.csv,5000,SelecaoFPS,RecombinacaoCrossoverUmPontoInteira,MutacaoIncrementosLentos,50,0.85,0.1,11.715255009638613,2166.8648234168672,12.915779298197847,2094.3747596692315,31610.767514
Dados de 5000 iteracoes_SelecaoFPS_RecombinacaoCrossoverUmPontoInteira_com PR 0.95_MutacaoIncrementosLentos_com PM 0.03_populacao 50.csv,5000,SelecaoFPS,RecombinacaoCrossoverUmPontoInteira,MutacaoIncrementosLentos,50,0.95,0.03,10.400178569846865,1516.0860594187855,11.13342360702428,1289.7416998439803,70908.752524
Dados de 5000 iteracoes_SelecaoFPS_RecombinacaoCrossoverUmPontoInteira_com PR 0.95_MutacaoIncrementosLentos_com PM 0.06_populacao 50.csv,5000,SelecaoFPS,RecombinacaoCrossoverUmPontoInteira,MutacaoIncrementosLentos,50,0.95,0.06,5.78139273377274,4101.702627961322,6.347588587819619,3584.7326650926943,54521.539074
Dados de 5000 iteracoes_SelecaoFPS_RecombinacaoCrossoverUmPontoInteira_com PR 0.95_MutacaoIncrementosLentos_com PM 0.1_populacao 50.csv,5000,SelecaoFPS,RecombinacaoCrossoverUmPontoInteira,MutacaoIncrementosLentos,50,0.95,0.1,8.091959329117952,2516.062145878307,9.159984010817496,2065.124412481485,35487.666615
Dados de 5000 iteracoes_SelecaoFPS_RecombinacaoCrossoverUmPontoInteira_com PR 0.75_MutacaoIncrementosLentos_com PM 0.03_populacao 100.csv,5000,SelecaoFPS,RecombinacaoCrossoverUmPontoInteira,MutacaoIncrementosLentos,100,0.75,0.03,8.423562240078168,1884.184875331308,9.997274786070992,1777.5339839454507,312639.37052
Dados de 5000 iteracoes_SelecaoFPS_RecombinacaoCrossoverUmPontoInteira_com PR 0.75_MutacaoIncrementosLentos_com PM 0.06_populacao 100.csv,5000,SelecaoFPS,RecombinacaoCrossoverUmPontoInteira,MutacaoIncrementosLentos,100,0.75,0.06,6.736306140820856,1085.0708767719827,8.410581240256452,892.8868070377158,180684.649439
Dados de 5000 iteracoes_SelecaoFPS_RecombinacaoCrossoverUmPontoInteira_com PR 0.75_MutacaoIncrementosLentos_com PM 0.1_populacao 100.csv,5000,SelecaoFPS,RecombinacaoCrossoverUmPontoInteira,MutacaoIncrementosLentos,100,0.75,0.1,6.271863035715674,2783.2813943154624,6.966800038800073,2725.31259557015,141668.116839
Dados de 5000 iteracoes_SelecaoFPS_RecombinacaoCrossoverUmPontoInteira_com PR 0.85_MutacaoIncrementosLentos_com PM 0.03_populacao 100.csv,5000,SelecaoFPS,RecombinacaoCrossoverUmPontoInteira,MutacaoIncrementosLentos,100,0.85,0.03,7.501737041884471,1902.3443583403316,7.588593576918906,1418.9266109026146,334444.457972
Dados de 5000 iteracoes_SelecaoFPS_RecombinacaoCrossoverUmPontoInteira_com PR 0.85_MutacaoIncrementosLentos_com PM 0.06_populacao 100.csv,5000,SelecaoFPS,RecombinacaoCrossoverUmPontoInteira,MutacaoIncrementosLentos,100,0.85,0.06,5.279425986086083,2053.227560221923,5.851385334830844,1158.6917155169222,231294.578847
Dados de 5000 iteracoes_SelecaoFPS_RecombinacaoCrossoverUmPontoInteira_com PR 0.85_MutacaoIncrementosLentos_com PM 0.1_populacao 100.csv,5000,SelecaoFPS,RecombinacaoCrossoverUmPontoInteira,MutacaoIncrementosLentos,100,0.85,0.1,6.865765418647633,1590.7097593916496,6.954311280752387,1147.9550608243087,134270.79297
Dados de 5000 iteracoes_SelecaoFPS_RecombinacaoCrossoverUmPontoInteira_com PR 0.95_MutacaoIncrementosLentos_com PM 0.03_populacao 100.csv,5000,SelecaoFPS,RecombinacaoCrossoverUmPontoInteira,MutacaoIncrementosLentos,100,0.95,0.03,5.86139273377274,1968.8669066523923,6.443579076210186,2758.6145807851085,363980.848211
Dados de 5000 iteracoes_SelecaoFPS_RecombinacaoCrossoverUmPontoInteira_com PR 0.95_MutacaoIncrementosLentos_com PM 0.06_populacao 100.csv,5000,SelecaoFPS,RecombinacaoCrossoverUmPontoInteira,MutacaoIncrementosLentos,100,0.95,0.06,6.516638399163584,785.2905609193931,6.838852932847431,689.8200730034282,196220.159227
Dados de 5000 iteracoes_SelecaoFPS_RecombinacaoCrossoverUmPontoInteira_com PR 0.95_MutacaoIncrementosLentos_com PM 0.1_populacao 100.csv,5000,SelecaoFPS,RecombinacaoCrossoverUmPontoInteira,MutacaoIncrementosLentos,100,0.95,0.1,7.543144416437822,1912.98480191474,7.924419283429385,1495.38652240361,145622.833442
Dados de 5000 iteracoes_SelecaoFPS_RecombinacaoCrossoverUmPontoInteira_com PR 0.75_MutacaoIncrementosLentos_com PM 0.03_populacao 200.csv,5000,SelecaoFPS,RecombinacaoCrossoverUmPontoInteira,MutacaoIncrementosLentos,200,0.75,0.03,5.630668670677822,1138.0862990475455,6.154162922241863,1521.4875438753475,1566042.468186
Dados de 5000 iteracoes_SelecaoFPS_RecombinacaoCrossoverUmPontoInteira_com PR 0.75_MutacaoIncrementosLentos_com PM 0.06_populacao 200.csv,5000,SelecaoFPS,RecombinacaoCrossoverUmPontoInteira,MutacaoIncrementosLentos,200,0.75,0.06,6.337142857142857,992.2190231558767,6.6254636495046775,739.8134713212186,920305.686329
Dados de 5000 iteracoes_SelecaoFPS_RecombinacaoCrossoverUmPontoInteira_com PR 0.75_MutacaoIncrementosLentos_com PM 0.1_populacao 200.csv,5000,SelecaoFPS,RecombinacaoCrossoverUmPontoInteira,MutacaoIncrementosLentos,200,0.75,0.1,6.337142857142857,1029.1875015151147,6.603434135811703,877.5418812966778,607630.187157
Dados de 5000 iteracoes_SelecaoFPS_RecombinacaoCrossoverUmPontoInteira_com PR 0.85_MutacaoIncrementosLentos_com PM 0.03_populacao 200.csv,5000,SelecaoFPS,RecombinacaoCrossoverUmPontoInteira,MutacaoIncrementosLentos,200,0.85,0.03,6.423344683575606,1636.6878594688865,6.577989007014103,1631.2463906634107,1417199.451131
Dados de 5000 iteracoes_SelecaoFPS_RecombinacaoCrossoverUmPontoInteira_com PR 0.85_MutacaoIncrementosLentos_com PM 0.06_populacao 200.csv,5000,SelecaoFPS,RecombinacaoCrossoverUmPontoInteira,MutacaoIncrementosLentos,200,0.85,0.06,6.2647265470798015,582.8802571066326,6.816598887273101,456.40553224821997,919939.238061
Dados de 5000 iteracoes_SelecaoFPS_RecombinacaoCrossoverUmPontoInteira_com PR 0.85_MutacaoIncrementosLentos_com PM 0.1_populacao 200.csv,5000,SelecaoFPS,RecombinacaoCrossoverUmPontoInteira,MutacaoIncrementosLentos,200,0.85,0.1,4.829117562233506,755.4351654292374,5.4802878725123145,1169.8815284118607,624202.749674
Dados de 5000 iteracoes_SelecaoFPS_RecombinacaoCrossoverUmPontoInteira_com PR 0.95_MutacaoIncrementosLentos_com PM 0.03_populacao 200.csv,5000,SelecaoFPS,RecombinacaoCrossoverUmPontoInteira,MutacaoIncrementosLentos,200,0.95,0.03,8.263562240078167,473.90640399538347,8.667848415623498,257.99936960906894,1546433.457827
Dados de 5000 iteracoes_SelecaoFPS_RecombinacaoCrossoverUmPontoInteira_com PR 0.95_MutacaoIncrementosLentos_com PM 0.06_populacao 200.csv,5000,SelecaoFPS,RecombinacaoCrossoverUmPontoInteira,MutacaoIncrementosLentos,200,0.95,0.06,5.77138691745407,1290.0291462173689,5.907122030155607,1278.903849478626,928659.203471
Dados de 5000 iteracoes_SelecaoFPS_RecombinacaoCrossoverUmPontoInteira_com PR 0.95_MutacaoIncrementosLentos_com PM 0.1_populacao 200.csv,5000,SelecaoFPS,RecombinacaoCrossoverUmPontoInteira,MutacaoIncrementosLentos,200,0.95,0.1,6.162811813689564,937.391860576968,6.178927074810198,861.833884898035,626173.776283
Dados de 5000 iteracoes_SelecaoFPS_RecombinacaoCrossoverUmPontoInteira_com PR 0.75_MutacaoInicializacaoAleatoria_com PM 0.03_populacao 50.csv,5000,SelecaoFPS,RecombinacaoCrossoverUmPontoInteira,MutacaoInicializacaoAleatoria,50,0.75,0.03,6.734667503750562,3067.8419969346655,7.868383694882789,1917.1186990808387,74085.575348
Dados de 5000 iteracoes_SelecaoFPS_RecombinacaoCrossoverUmPontoInteira_com PR 0.75_MutacaoInicializacaoAleatoria_com PM 0.06_populacao 50.csv,5000,SelecaoFPS,RecombinacaoCrossoverUmPontoInteira,MutacaoInicializacaoAleatoria,50,0.75,0.06,5.727856705360771,2249.661469975265,30.69491789784952,2083.203634687043,35737.357062
Dados de 5000 iteracoes_SelecaoFPS_RecombinacaoCrossoverUmPontoInteira_com PR 0.75_MutacaoInicializacaoAleatoria_com PM 0.1_populacao 50.csv,5000,SelecaoFPS,RecombinacaoCrossoverUmPontoInteira,MutacaoInicializacaoAleatoria,50,0.75,0.1,6.095295876035503,3092.8040421652536,6.548181671283389,2660.3545915691357,34956.178732
Dados de 5000 iteracoes_SelecaoFPS_RecombinacaoCrossoverUmPontoInteira_com PR 0.85_MutacaoInicializacaoAleatoria_com PM 0.03_populacao 50.csv,5000,SelecaoFPS,RecombinacaoCrossoverUmPontoInteira,MutacaoInicializacaoAleatoria,50,0.85,0.03,7.501813560605333,1172.132245617698,9.07383639513974,1047.563092779969,77417.712817
Dados de 5000 iteracoes_SelecaoFPS_RecombinacaoCrossoverUmPontoInteira_com PR 0.85_MutacaoInicializacaoAleatoria_com PM 0.06_populacao 50.csv,5000,SelecaoFPS,RecombinacaoCrossoverUmPontoInteira,MutacaoInicializacaoAleatoria,50,0.85,0.06,6.67580173857052,1334.2844066136686,7.226634606162154,1009.8784681295508,50979.777839
Dados de 5000 iteracoes_SelecaoFPS_RecombinacaoCrossoverUmPontoInteira_com PR 0.85_MutacaoInicializacaoAleatoria_com PM 0.1_populacao 50.csv,5000,SelecaoFPS,RecombinacaoCrossoverUmPontoInteira,MutacaoInicializacaoAleatoria,50,0.85,0.1,6.749819216452753,2957.8832096915494,7.258879294999224,2253.715639956962,31896.213302
Dados de 5000 iteracoes_SelecaoFPS_RecombinacaoCrossoverUmPontoInteira_com PR 0.95_MutacaoInicializacaoAleatoria_com PM 0.03_populacao 50.csv,5000,SelecaoFPS,RecombinacaoCrossoverUmPontoInteira,MutacaoInicializacaoAleatoria,50,0.95,0.03,7.783144416437822,2118.183643967557,8.055107941847602,1922.7641380017487,76634.920719
Dados de 5000 iteracoes_SelecaoFPS_RecombinacaoCrossoverUmPontoInteira_com PR 0.95_MutacaoInicializacaoAleatoria_com PM 0.06_populacao 50.csv,5000,SelecaoFPS,RecombinacaoCrossoverUmPontoInteira,MutacaoInicializacaoAleatoria,50,0.95,0.06,6.688437313652368,2820.3408694294553,6.8709343427351435,3121.2721583561483,46360.837705
Dados de 5000 iteracoes_SelecaoFPS_RecombinacaoCrossoverUmPontoInteira_com PR 0.95_MutacaoInicializacaoAleatoria_com PM 0.1_populacao 50.csv,5000,SelecaoFPS,RecombinacaoCrossoverUmPontoInteira,MutacaoInicializacaoAleatoria,50,0.95,0.1,6.185714285714286,1406.3743736871186,7.925890706301294,1358.1832658219705,32485.913944
Dados de 5000 iteracoes_SelecaoFPS_RecombinacaoCrossoverUmPontoInteira_com PR 0.75_MutacaoInicializacaoAleatoria_com PM 0.03_populacao 100.csv,5000,SelecaoFPS,RecombinacaoCrossoverUmPontoInteira,MutacaoInicializacaoAleatoria,100,0.75,0.03,19.14153022471871,1659.2631143735919,23.45698080553035,1608.3780461233537,271623.752598
Dados de 5000 iteracoes_SelecaoFPS_RecombinacaoCrossoverUmPontoInteira_com PR 0.75_MutacaoInicializacaoAleatoria_com PM 0.06_populacao 100.csv,5000,SelecaoFPS,RecombinacaoCrossoverUmPontoInteira,MutacaoInicializacaoAleatoria,100,0.75,0.06,5.408571428571429,1458.4845508873295,5.9680302552428905,1170.4881988617021,200082.001472
Dados de 5000 iteracoes_SelecaoFPS_RecombinacaoCrossoverUmPontoInteira_com PR 0.75_MutacaoInicializacaoAleatoria_com PM 0.1_populacao 100.csv,5000,SelecaoFPS,RecombinacaoCrossoverUmPontoInteira,MutacaoInicializacaoAleatoria,100,0.75,0.1,6.039212162099081,1858.9073146951857,6.067254019067292,1784.5846051366282,141639.390545
Dados de 5000 iteracoes_SelecaoFPS_RecombinacaoCrossoverUmPontoInteira_com PR 0.85_MutacaoInicializacaoAleatoria_com PM 0.03_populacao 100.csv,5000,SelecaoFPS,RecombinacaoCrossoverUmPontoInteira,MutacaoInicializacaoAleatoria,100,0.85,0.03,5.726981639622023,1434.2705495880261,9.765318167327386,1202.482280715261,326452.646775
Dados de 5000 iteracoes_SelecaoFPS_RecombinacaoCrossoverUmPontoInteira_com PR 0.85_MutacaoInicializacaoAleatoria_com PM 0.06_populacao 100.csv,5000,SelecaoFPS,RecombinacaoCrossoverUmPontoInteira,MutacaoInicializacaoAleatoria,100,0.85,0.06,6.187209904844853,3425.8813137149345,6.491212476423929,2765.774156612676,218701.007809
Dados de 5000 iteracoes_SelecaoFPS_RecombinacaoCrossoverUmPontoInteira_com PR 0.85_MutacaoInicializacaoAleatoria_com PM 0.1_populacao 100.csv,5000,SelecaoFPS,RecombinacaoCrossoverUmPontoInteira,MutacaoInicializacaoAleatoria,100,0.85,0.1,4.9692835027073174,1478.2070706148297,5.971357437262618,1322.548444207628,153591.868134
Dados de 5000 iteracoes_SelecaoFPS_RecombinacaoCrossoverUmPontoInteira_com PR 0.95_MutacaoInicializacaoAleatoria_com PM 0.03_populacao 100.csv,5000,SelecaoFPS,RecombinacaoCrossoverUmPontoInteira,MutacaoInicializacaoAleatoria,100,0.95,0.03,6.9714285714285715,2047.0835013242438,10.92171413905529,1666.4238507050582,325721.263388
Dados de 5000 iteracoes_SelecaoFPS_RecombinacaoCrossoverUmPontoInteira_com PR 0.95_MutacaoInicializacaoAleatoria_com PM 0.06_populacao 100.csv,5000,SelecaoFPS,RecombinacaoCrossoverUmPontoInteira,MutacaoInicializacaoAleatoria,100,0.95,0.06,6.59580173857052,1679.965839052877,7.077185086863418,1583.2548972985624,222559.85177
Dados de 5000 iteracoes_SelecaoFPS_RecombinacaoCrossoverUmPontoInteira_com PR 0.95_MutacaoInicializacaoAleatoria_com PM 0.1_populacao 100.csv,5000,SelecaoFPS,RecombinacaoCrossoverUmPontoInteira,MutacaoInicializacaoAleatoria,100,0.95,0.1,5.828571428571429,1791.5660178911876,6.234311870209499,952.7320335571025,138143.801203
Dados de 5000 iteracoes_SelecaoFPS_RecombinacaoCrossoverUmPontoInteira_com PR 0.75_MutacaoInicializacaoAleatoria_com PM 0.03_populacao 200.csv,5000,SelecaoFPS,RecombinacaoCrossoverUmPontoInteira,MutacaoInicializacaoAleatoria,200,0.75,0.03,5.069117562233506,536.8109572911806,5.706231122904557,393.3274058009871,1635230.481574
Dados de 5000 iteracoes_SelecaoFPS_RecombinacaoCrossoverUmPontoInteira_com PR 0.75_MutacaoInicializacaoAleatoria_com PM 0.06_populacao 200.csv,5000,SelecaoFPS,RecombinacaoCrossoverUmPontoInteira,MutacaoInicializacaoAleatoria,200,0.75,0.06,6.022580994593824,1109.2894236428474,6.058938435314664,1530.8985561045433,780770.114578
Dados de 5000 iteracoes_SelecaoFPS_RecombinacaoCrossoverUmPontoInteira_com PR 0.75_MutacaoInicializacaoAleatoria_com PM 0.1_populacao 200.csv,5000,SelecaoFPS,RecombinacaoCrossoverUmPontoInteira,MutacaoInicializacaoAleatoria,200,0.75,0.1,5.8914285714285715,1524.104702897728,6.509120297482713,1454.438547440933,598947.256983
Dados de 5000 iteracoes_SelecaoFPS_RecombinacaoCrossoverUmPontoInteira_com PR 0.85_MutacaoInicializacaoAleatoria_com PM 0.03_populacao 200.csv,5000,SelecaoFPS,RecombinacaoCrossoverUmPontoInteira,MutacaoInicializacaoAleatoria,200,0.85,0.03,5.69138691745407,559.3369700875155,6.235331209137122,469.3394932724144,1595196.225764
Dados de 5000 iteracoes_SelecaoFPS_RecombinacaoCrossoverUmPontoInteira_com PR 0.85_MutacaoInicializacaoAleatoria_com PM 0.06_populacao 200.csv,5000,SelecaoFPS,RecombinacaoCrossoverUmPontoInteira,MutacaoInicializacaoAleatoria,200,0.85,0.06,6.202857142857143,814.1005715748564,6.64813728054466,623.2287119903419,881056.773454
Dados de 5000 iteracoes_SelecaoFPS_RecombinacaoCrossoverUmPontoInteira_com PR 0.85_MutacaoInicializacaoAleatoria_com PM 0.1_populacao 200.csv,5000,SelecaoFPS,RecombinacaoCrossoverUmPontoInteira,MutacaoInicializacaoAleatoria,200,0.85,0.1,5.2604021690605896,938.3737125185124,5.515630400718845,1012.5607453999171,637760.823782
Dados de 5000 iteracoes_SelecaoFPS_RecombinacaoCrossoverUmPontoInteira_com PR 0.95_MutacaoInicializacaoAleatoria_com PM 0.03_populacao 200.csv,5000,SelecaoFPS,RecombinacaoCrossoverUmPontoInteira,MutacaoInicializacaoAleatoria,200,0.95,0.03,9.423497870016105,1410.7118678114412,9.93171389677316,1123.124524268632,1406450.53284
Dados de 5000 iteracoes_SelecaoFPS_RecombinacaoCrossoverUmPontoInteira_com PR 0.95_MutacaoInicializacaoAleatoria_com PM 0.06_populacao 200.csv,5000,SelecaoFPS,RecombinacaoCrossoverUmPontoInteira,MutacaoInicializacaoAleatoria,200,0.95,0.06,5.4,1198.4713484626106,6.835733730830886,690.3576465503094,864047.687706
Dados de 5000 iteracoes_SelecaoFPS_RecombinacaoCrossoverUmPontoInteira_com PR 0.95_MutacaoInicializacaoAleatoria_com PM 0.1_populacao 200.csv,5000,SelecaoFPS,RecombinacaoCrossoverUmPontoInteira,MutacaoInicializacaoAleatoria,200,0.95,0.1,5.921788461903741,1204.7695096208236,6.329047301362299,1110.2300631264422,603394.643431
Dados de 5000 iteracoes_SelecaoFPS_RecombinacaoCrossoverNPontosInteira_com PR 0.75_MutacaoIncrementosLentos_com PM 0.03_populacao 50.csv,5000,SelecaoFPS,RecombinacaoCrossoverNPontosInteira,MutacaoIncrementosLentos,50,0.75,0.03,8.526600313357438,5332.081722498309,8.833024981924451,2848.9704043404877,83357.977201
Dados de 5000 iteracoes_SelecaoFPS_RecombinacaoCrossoverNPontosInteira_com PR 0.75_MutacaoIncrementosLentos_com PM 0.06_populacao 50.csv,5000,SelecaoFPS,RecombinacaoCrossoverNPontosInteira,MutacaoIncrementosLentos,50,0.75,0.06,6.837142857142858,2671.7614525685035,7.1441702342745845,2142.9333852724503,51475.159614
Dados de 5000 iteracoes_SelecaoFPS_RecombinacaoCrossoverNPontosInteira_com PR 0.75_MutacaoIncrementosLentos_com PM 0.1_populacao 50.csv,5000,SelecaoFPS,RecombinacaoCrossoverNPontosInteira,MutacaoIncrementosLentos,50,0.75,0.1,6.325885794459727,3787.602589279441,7.68838967136989,2891.324080497466,40044.403801
Dados de 5000 iteracoes_SelecaoFPS_RecombinacaoCrossoverNPontosInteira_com PR 0.85_MutacaoIncrementosLentos_com PM 0.03_populacao 50.csv,5000,SelecaoFPS,RecombinacaoCrossoverNPontosInteira,MutacaoIncrementosLentos,50,0.85,0.03,6.405885794459727,3288.2636941939168,7.486746420990075,2469.2642717766703,75137.21511
Dados de 5000 iteracoes_SelecaoFPS_RecombinacaoCrossoverNPontosInteira_com PR 0.85_MutacaoIncrementosLentos_com PM 0.06_populacao 50.csv,5000,SelecaoFPS,RecombinacaoCrossoverNPontosInteira,MutacaoIncrementosLentos,50,0.85,0.06,6.4811687202997454,1354.2536163044824,7.849323002754547,846.1422181817009,48457.954409
Dados de 5000 iteracoes_SelecaoFPS_RecombinacaoCrossoverNPontosInteira_com PR 0.85_MutacaoIncrementosLentos_com PM 0.1_populacao 50.csv,5000,SelecaoFPS,RecombinacaoCrossoverNPontosInteira,MutacaoIncrementosLentos,50,0.85,0.1,6.503344683575606,5629.981524403853,7.960258255217369,5646.511869312908,40573.77272
Dados de 5000 iteracoes_SelecaoFPS_RecombinacaoCrossoverNPontosInteira_com PR 0.95_MutacaoIncrementosLentos_com PM 0.03_populacao 50.csv,5000,SelecaoFPS,RecombinacaoCrossoverNPontosInteira,MutacaoIncrementosLentos,50,0.95,0.03,6.814667503750562,3217.0045808255254,7.02416633453999,2439.035339187653,66746.429915
Dados de 5000 iteracoes_SelecaoFPS_RecombinacaoCrossoverNPontosInteira_com PR 0.95_MutacaoIncrementosLentos_com PM 0.06_populacao 50.csv,5000,SelecaoFPS,RecombinacaoCrossoverNPontosInteira,MutacaoIncrementosLentos,50,0.95,0.06,6.2036527468059735,1548.410284796821,6.880397510310167,1286.589798988149,51204.452603
Dados de 5000 iteracoes_SelecaoFPS_RecombinacaoCrossoverNPontosInteira_com PR 0.95_MutacaoIncrementosLentos_com PM 0.1_populacao 50.csv,5000,SelecaoFPS,RecombinacaoCrossoverNPontosInteira,MutacaoIncrementosLentos,50,0.95,0.1,7.506335201775948,2011.9847190334597,9.797552661327941,1453.9481936381803,36051.565145
Dados de 5000 iteracoes_SelecaoFPS_RecombinacaoCrossoverNPontosInteira_com PR 0.75_MutacaoIncrementosLentos_com PM 0.03_populacao 100.csv,5000,SelecaoFPS,RecombinacaoCrossoverNPontosInteira,MutacaoIncrementosLentos,100,0.75,0.03,8.107788269017254,1498.98787179672,8.31011563880315,837.4746372547073,349587.226877
Dados de 5000 iteracoes_SelecaoFPS_RecombinacaoCrossoverNPontosInteira_com PR 0.75_MutacaoIncrementosLentos_com PM 0.06_populacao 100.csv,5000,SelecaoFPS,RecombinacaoCrossoverNPontosInteira,MutacaoIncrementosLentos,100,0.75,0.06,5.77138691745407,736.69555475365,6.1777854114002,401.5987185096418,224885.935057
Dados de 5000 iteracoes_SelecaoFPS_RecombinacaoCrossoverNPontosInteira_com PR 0.75_MutacaoIncrementosLentos_com PM 0.1_populacao 100.csv,5000,SelecaoFPS,RecombinacaoCrossoverNPontosInteira,MutacaoIncrementosLentos,100,0.75,0.1,6.6084373136523675,2328.044213334009,6.761110877759433,1630.9173601049406,154240.908709
Dados de 5000 iteracoes_SelecaoFPS_RecombinacaoCrossoverNPontosInteira_com PR 0.85_MutacaoIncrementosLentos_com PM 0.03_populacao 100.csv,5000,SelecaoFPS,RecombinacaoCrossoverNPontosInteira,MutacaoIncrementosLentos,100,0.85,0.03,7.1558168498128305,2269.383158275525,9.920915067605485,1959.3740925574227,333983.651251
Dados de 5000 iteracoes_SelecaoFPS_RecombinacaoCrossoverNPontosInteira_com PR 0.85_MutacaoIncrementosLentos_com PM 0.06_populacao 100.csv,5000,SelecaoFPS,RecombinacaoCrossoverNPontosInteira,MutacaoIncrementosLentos,100,0.85,0.06,6.3316515234729,2192.883268477917,6.400069102844942,1810.7552920674373,206231.245641
Dados de 5000 iteracoes_SelecaoFPS_RecombinacaoCrossoverNPontosInteira_com PR 0.85_MutacaoIncrementosLentos_com PM 0.1_populacao 100.csv,5000,SelecaoFPS,RecombinacaoCrossoverNPontosInteira,MutacaoIncrementosLentos,100,0.85,0.1,4.687459069130417,1499.888336644825,5.647948191391393,1304.546930310482,152838.687337
Dados de 5000 iteracoes_SelecaoFPS_RecombinacaoCrossoverNPontosInteira_com PR 0.95_MutacaoIncrementosLentos_com PM 0.03_populacao 100.csv,5000,SelecaoFPS,RecombinacaoCrossoverNPontosInteira,MutacaoIncrementosLentos,100,0.95,0.03,6.607489081914353,1254.1954012561778,12.597973170297545,798.4322863335718,353443.797782
Dados de 5000 iteracoes_SelecaoFPS_RecombinacaoCrossoverNPontosInteira_com PR 0.95_MutacaoIncrementosLentos_com PM 0.06_populacao 100.csv,5000,SelecaoFPS,RecombinacaoCrossoverNPontosInteira,MutacaoIncrementosLentos,100,0.95,0.06,8.857649598717948,1471.166668094803,13.925044591116237,1413.0765018630468,189792.69915
Dados de 5000 iteracoes_SelecaoFPS_RecombinacaoCrossoverNPontosInteira_com PR 0.95_MutacaoIncrementosLentos_com PM 0.1_populacao 100.csv,5000,SelecaoFPS,RecombinacaoCrossoverNPontosInteira,MutacaoIncrementosLentos,100,0.95,0.1,5.069117562233506,2416.982745789494,5.902711851527181,2217.144297160022,158590.62622
Dados de 5000 iteracoes_SelecaoFPS_RecombinacaoCrossoverNPontosInteira_com PR 0.75_MutacaoIncrementosLentos_com PM 0.03_populacao 200.csv,5000,SelecaoFPS,RecombinacaoCrossoverNPontosInteira,MutacaoIncrementosLentos,200,0.75,0.03,6.3447265470798015,589.1050329265271,9.18569759564075,376.7212934955169,1501340.263587
Dados de 5000 iteracoes_SelecaoFPS_RecombinacaoCrossoverNPontosInteira_com PR 0.75_MutacaoIncrementosLentos_com PM 0.06_populacao 200.csv,5000,SelecaoFPS,RecombinacaoCrossoverNPontosInteira,MutacaoIncrementosLentos,200,0.75,0.06,6.17498217986448,1144.472881030612,6.321734431040731,1026.9856468273993,949098.334588
Dados de 5000 iteracoes_SelecaoFPS_RecombinacaoCrossoverNPontosInteira_com PR 0.75_MutacaoIncrementosLentos_com PM 0.1_populacao 200.csv,5000,SelecaoFPS,RecombinacaoCrossoverNPontosInteira,MutacaoIncrementosLentos,200,0.75,0.1,5.129283502707318,1843.6871747309342,5.758930532704324,1353.191908724378,659302.169956
Dados de 5000 iteracoes_SelecaoFPS_RecombinacaoCrossoverNPontosInteira_com PR 0.85_MutacaoIncrementosLentos_com PM 0.03_populacao 200.csv,5000,SelecaoFPS,RecombinacaoCrossoverNPontosInteira,MutacaoIncrementosLentos,200,0.85,0.03,6.816306140820856,1518.8664586060672,8.343527977448316,1071.9798640911104,1417281.018329
Dados de 5000 iteracoes_SelecaoFPS_RecombinacaoCrossoverNPontosInteira_com PR 0.85_MutacaoIncrementosLentos_com PM 0.06_populacao 200.csv,5000,SelecaoFPS,RecombinacaoCrossoverNPontosInteira,MutacaoIncrementosLentos,200,0.85,0.06,6.2516515234728995,531.5424314734088,6.698139507519899,495.48024417056155,925157.281668
Dados de 5000 iteracoes_SelecaoFPS_RecombinacaoCrossoverNPontosInteira_com PR 0.85_MutacaoIncrementosLentos_com PM 0.1_populacao 200.csv,5000,SelecaoFPS,RecombinacaoCrossoverNPontosInteira,MutacaoIncrementosLentos,200,0.85,0.1,5.621013272520646,1172.2889169993475,6.69358986106211,762.3083910575264,618233.488197
Dados de 5000 iteracoes_SelecaoFPS_RecombinacaoCrossoverNPontosInteira_com PR 0.95_MutacaoIncrementosLentos_com PM 0.03_populacao 200.csv,5000,SelecaoFPS,RecombinacaoCrossoverNPontosInteira,MutacaoIncrementosLentos,200,0.95,0.03,6.3228118136895635,2185.684343921611,6.465150447801959,1601.9588495806963,1626932.539645
Dados de 5000 iteracoes_SelecaoFPS_RecombinacaoCrossoverNPontosInteira_com PR 0.95_MutacaoIncrementosLentos_com PM 0.06_populacao 200.csv,5000,SelecaoFPS,RecombinacaoCrossoverNPontosInteira,MutacaoIncrementosLentos,200,0.95,0.06,6.685714285714286,1889.7451908893001,6.790190894732424,1529.5885698336538,915543.775545
Dados de 5000 iteracoes_SelecaoFPS_RecombinacaoCrossoverNPontosInteira_com PR 0.95_MutacaoIncrementosLentos_com PM 0.1_populacao 200.csv,5000,SelecaoFPS,RecombinacaoCrossoverNPontosInteira,MutacaoIncrementosLentos,200,0.95,0.1,6.114178570424089,425.40863955367945,6.210651547635548,234.60851440437193,636522.097637
Dados de 5000 iteracoes_SelecaoFPS_RecombinacaoCrossoverNPontosInteira_com PR 0.75_MutacaoInicializacaoAleatoria_com PM 0.03_populacao 50.csv,5000,SelecaoFPS,RecombinacaoCrossoverNPontosInteira,MutacaoInicializacaoAleatoria,50,0.75,0.03,7.6257008771316706,4107.022705880935,9.603751266359465,3909.632549203424,69647.018703
Dados de 5000 iteracoes_SelecaoFPS_RecombinacaoCrossoverNPontosInteira_com PR 0.75_MutacaoInicializacaoAleatoria_com PM 0.06_populacao 50.csv,5000,SelecaoFPS,RecombinacaoCrossoverNPontosInteira,MutacaoInicializacaoAleatoria,50,0.75,0.06,5.726981639622023,2804.0637271170485,6.28038304074426,2060.6237389927446,51162.955264
Dados de 5000 iteracoes_SelecaoFPS_RecombinacaoCrossoverNPontosInteira_com PR 0.75_MutacaoInicializacaoAleatoria_com PM 0.1_populacao 50.csv,5000,SelecaoFPS,RecombinacaoCrossoverNPontosInteira,MutacaoInicializacaoAleatoria,50,0.75,0.1,5.756228377270477,2967.8611141852284,8.54195154673488,2611.3425265080687,33615.818305
Dados de 5000 iteracoes_SelecaoFPS_RecombinacaoCrossoverNPontosInteira_com PR 0.85_MutacaoInicializacaoAleatoria_com PM 0.03_populacao 50.csv,5000,SelecaoFPS,RecombinacaoCrossoverNPontosInteira,MutacaoInicializacaoAleatoria,50,0.85,0.03,10.074737077785755,1139.8880600675682,16.590341717756644,1112.886625938798,68206.945519
Dados de 5000 iteracoes_SelecaoFPS_RecombinacaoCrossoverNPontosInteira_com PR 0.85_MutacaoInicializacaoAleatoria_com PM 0.06_populacao 50.csv,5000,SelecaoFPS,RecombinacaoCrossoverNPontosInteira,MutacaoInicializacaoAleatoria,50,0.85,0.06,7.165138301550009,3759.0419066130557,15.817952783367422,2758.2037442067076,40815.497844
Dados de 5000 iteracoes_SelecaoFPS_RecombinacaoCrossoverNPontosInteira_com PR 0.85_MutacaoInicializacaoAleatoria_com PM 0.1_populacao 50.csv,5000,SelecaoFPS,RecombinacaoCrossoverNPontosInteira,MutacaoInicializacaoAleatoria,50,0.85,0.1,7.581737041884471,2860.682600787403,10.002914252434223,2742.3328800125914,31308.107545
Dados de 5000 iteracoes_SelecaoFPS_RecombinacaoCrossoverNPontosInteira_com PR 0.95_MutacaoInicializacaoAleatoria_com PM 0.03_populacao 50.csv,5000,SelecaoFPS,RecombinacaoCrossoverNPontosInteira,MutacaoInicializacaoAleatoria,50,0.95,0.03,8.80165848854662,1697.9611782722434,12.139589630654172,1590.295824362914,65580.189523
Dados de 5000 iteracoes_SelecaoFPS_RecombinacaoCrossoverNPontosInteira_com PR 0.95_MutacaoInicializacaoAleatoria_com PM 0.06_populacao 50.csv,5000,SelecaoFPS,RecombinacaoCrossoverNPontosInteira,MutacaoInicializacaoAleatoria,50,0.95,0.06,8.514988166848136,3298.002513422534,9.865820996620052,2416.9042473507034,46938.142181
Dados de 5000 iteracoes_SelecaoFPS_RecombinacaoCrossoverNPontosInteira_com PR 0.95_MutacaoInicializacaoAleatoria_com PM 0.1_populacao 50.csv,5000,SelecaoFPS,RecombinacaoCrossoverNPontosInteira,MutacaoInicializacaoAleatoria,50,0.95,0.1,7.535473735278218,2884.905243538309,7.763989822632286,2828.204065238505,32621.941368
Dados de 5000 iteracoes_SelecaoFPS_RecombinacaoCrossoverNPontosInteira_com PR 0.75_MutacaoInicializacaoAleatoria_com PM 0.03_populacao 100.csv,5000,SelecaoFPS,RecombinacaoCrossoverNPontosInteira,MutacaoInicializacaoAleatoria,100,0.75,0.03,6.811265717273089,565.7941615179843,6.8605424668629205,351.60038655102625,351092.984358
Dados de 5000 iteracoes_SelecaoFPS_RecombinacaoCrossoverNPontosInteira_com PR 0.75_MutacaoInicializacaoAleatoria_com PM 0.06_populacao 100.csv,5000,SelecaoFPS,RecombinacaoCrossoverNPontosInteira,MutacaoInicializacaoAleatoria,100,0.75,0.06,5.704139417460184,2095.683420108094,6.144161661403258,1565.5473942766148,226996.654613
Dados de 5000 iteracoes_SelecaoFPS_RecombinacaoCrossoverNPontosInteira_com PR 0.75_MutacaoInicializacaoAleatoria_com PM 0.1_populacao 100.csv,5000,SelecaoFPS,RecombinacaoCrossoverNPontosInteira,MutacaoInicializacaoAleatoria,100,0.75,0.1,5.4714285714285715,1922.883869521444,6.646260316384016,1335.6445480972284,152079.879732
Dados de 5000 iteracoes_SelecaoFPS_RecombinacaoCrossoverNPontosInteira_com PR 0.85_MutacaoInicializacaoAleatoria_com PM 0.03_populacao 100.csv,5000,SelecaoFPS,RecombinacaoCrossoverNPontosInteira,MutacaoInicializacaoAleatoria,100,0.85,0.03,7.809699161351602,1701.40777452062,7.874102547238314,950.9151636456339,329916.982079
Dados de 5000 iteracoes_SelecaoFPS_RecombinacaoCrossoverNPontosInteira_com PR 0.85_MutacaoInicializacaoAleatoria_com PM 0.06_populacao 100.csv,5000,SelecaoFPS,RecombinacaoCrossoverNPontosInteira,MutacaoInicializacaoAleatoria,100,0.85,0.06,5.480354318352215,1103.888887151494,6.035771461023922,1043.139931915181,212148.165838
Dados de 5000 iteracoes_SelecaoFPS_RecombinacaoCrossoverNPontosInteira_com PR 0.85_MutacaoInicializacaoAleatoria_com PM 0.1_populacao 100.csv,5000,SelecaoFPS,RecombinacaoCrossoverNPontosInteira,MutacaoInicializacaoAleatoria,100,0.85,0.1,6.162429058070149,1214.5927834004249,6.199462316646761,1041.385108187099,160079.709864
Dados de 5000 iteracoes_SelecaoFPS_RecombinacaoCrossoverNPontosInteira_com PR 0.95_MutacaoInicializacaoAleatoria_com PM 0.03_populacao 100.csv,5000,SelecaoFPS,RecombinacaoCrossoverNPontosInteira,MutacaoInicializacaoAleatoria,100,0.95,0.03,6.05314991723711,1109.206959607248,7.712610751671898,1107.8180566764677,347584.752676
Dados de 5000 iteracoes_SelecaoFPS_RecombinacaoCrossoverNPontosInteira_com PR 0.95_MutacaoInicializacaoAleatoria_com PM 0.06_populacao 100.csv,5000,SelecaoFPS,RecombinacaoCrossoverNPontosInteira,MutacaoInicializacaoAleatoria,100,0.95,0.06,5.939681158796344,1885.164244927831,6.3779936498086,1786.1637930433358,209340.537315
Dados de 5000 iteracoes_SelecaoFPS_RecombinacaoCrossoverNPontosInteira_com PR 0.95_MutacaoInicializacaoAleatoria_com PM 0.1_populacao 100.csv,5000,SelecaoFPS,RecombinacaoCrossoverNPontosInteira,MutacaoInicializacaoAleatoria,100,0.95,0.1,6.184726547079801,2548.5441010130626,6.402001023949989,2004.8663292644503,149119.32531
Dados de 5000 iteracoes_SelecaoFPS_RecombinacaoCrossoverNPontosInteira_com PR 0.75_MutacaoInicializacaoAleatoria_com PM 0.03_populacao 200.csv,5000,SelecaoFPS,RecombinacaoCrossoverNPontosInteira,MutacaoInicializacaoAleatoria,200,0.75,0.03,7.10354764437519,1343.36617236093,7.104630965044738,985.6214146045576,1361781.07014
Dados de 5000 iteracoes_SelecaoFPS_RecombinacaoCrossoverNPontosInteira_com PR 0.75_MutacaoInicializacaoAleatoria_com PM 0.06_populacao 200.csv,5000,SelecaoFPS,RecombinacaoCrossoverNPontosInteira,MutacaoInicializacaoAleatoria,200,0.75,0.06,6.519119917534265,1537.7621507416968,7.724781846431732,1274.8874314469053,830177.118923
Dados de 5000 iteracoes_SelecaoFPS_RecombinacaoCrossoverNPontosInteira_com PR 0.75_MutacaoInicializacaoAleatoria_com PM 0.1_populacao 200.csv,5000,SelecaoFPS,RecombinacaoCrossoverNPontosInteira,MutacaoInicializacaoAleatoria,200,0.75,0.1,6.042857142857144,372.08193446662517,6.538571428571429,1079.5744656871389,592300.567862
Dados de 5000 iteracoes_SelecaoFPS_RecombinacaoCrossoverNPontosInteira_com PR 0.85_MutacaoInicializacaoAleatoria_com PM 0.03_populacao 200.csv,5000,SelecaoFPS,RecombinacaoCrossoverNPontosInteira,MutacaoInicializacaoAleatoria,200,0.85,0.03,6.104726547079801,2114.505416733334,8.001306746983364,2042.9959705870106,1511051.310378
Dados de 5000 iteracoes_SelecaoFPS_RecombinacaoCrossoverNPontosInteira_com PR 0.85_MutacaoInicializacaoAleatoria_com PM 0.06_populacao 200.csv,5000,SelecaoFPS,RecombinacaoCrossoverNPontosInteira,MutacaoInicializacaoAleatoria,200,0.85,0.06,5.996228377270477,1258.6891014856094,6.079328717670313,837.0127772258014,891809.950953
Dados de 5000 iteracoes_SelecaoFPS_RecombinacaoCrossoverNPontosInteira_com PR 0.85_MutacaoInicializacaoAleatoria_com PM 0.1_populacao 200.csv,5000,SelecaoFPS,RecombinacaoCrossoverNPontosInteira,MutacaoInicializacaoAleatoria,200,0.85,0.1,5.85138691745407,1509.869255512438,6.3330272106023155,1206.939213979791,603336.158689
Dados de 5000 iteracoes_SelecaoFPS_RecombinacaoCrossoverNPontosInteira_com PR 0.95_MutacaoInicializacaoAleatoria_com PM 0.03_populacao 200.csv,5000,SelecaoFPS,RecombinacaoCrossoverNPontosInteira,MutacaoInicializacaoAleatoria,200,0.95,0.03,5.841788461903741,874.3164199050111,6.44760991686083,768.6024635514605,1497179.320315
Dados de 5000 iteracoes_SelecaoFPS_RecombinacaoCrossoverNPontosInteira_com PR 0.95_MutacaoInicializacaoAleatoria_com PM 0.06_populacao 200.csv,5000,SelecaoFPS,RecombinacaoCrossoverNPontosInteira,MutacaoInicializacaoAleatoria,200,0.95,0.06,6.408571428571429,1724.8872488829315,6.69,1482.418959886016,881032.01018
Dados de 5000 iteracoes_SelecaoFPS_RecombinacaoCrossoverNPontosInteira_com PR 0.95_MutacaoInicializacaoAleatoria_com PM 0.1_populacao 200.csv,5000,SelecaoFPS,RecombinacaoCrossoverNPontosInteira,MutacaoInicializacaoAleatoria,200,0.95,0.1,4.352350970769092,1010.3660655393193,5.189032628241689,984.5983144306967,618938.672751
Dados de 5000 iteracoes_SelecaoUniformeInteira_RecombinacaoCrossoverUmPontoInteira_com PR 0.75_MutacaoIncrementosLentos_com PM 0.03_populacao 50.csv,5000,SelecaoUniformeInteira,RecombinacaoCrossoverUmPontoInteira,MutacaoIncrementosLentos,50,0.75,0.03,6.32299221126399,2659.98202968871,13.838380281798893,2304.932061738389,3303.021078
Dados de 5000 iteracoes_SelecaoUniformeInteira_RecombinacaoCrossoverUmPontoInteira_com PR 0.75_MutacaoIncrementosLentos_com PM 0.06_populacao 50.csv,5000,SelecaoUniformeInteira,RecombinacaoCrossoverUmPontoInteira,MutacaoIncrementosLentos,50,0.75,0.06,4.859194782009075,3628.4605913635955,8.323901280469848,2989.46287991832,3596.026812
Dados de 5000 iteracoes_SelecaoUniformeInteira_RecombinacaoCrossoverUmPontoInteira_com PR 0.75_MutacaoIncrementosLentos_com PM 0.1_populacao 50.csv,5000,SelecaoUniformeInteira,RecombinacaoCrossoverUmPontoInteira,MutacaoIncrementosLentos,50,0.75,0.1,7.15374423742044,2318.0647949227196,7.425605855587115,1850.5170486660077,3998.13894
Dados de 5000 iteracoes_SelecaoUniformeInteira_RecombinacaoCrossoverUmPontoInteira_com PR 0.85_MutacaoIncrementosLentos_com PM 0.03_populacao 50.csv,5000,SelecaoUniformeInteira,RecombinacaoCrossoverUmPontoInteira,MutacaoIncrementosLentos,50,0.85,0.03,9.897536832951598,1246.9912068391163,28.688498149329675,1058.9734764002023,3408.420136
Dados de 5000 iteracoes_SelecaoUniformeInteira_RecombinacaoCrossoverUmPontoInteira_com PR 0.85_MutacaoIncrementosLentos_com PM 0.06_populacao 50.csv,5000,SelecaoUniformeInteira,RecombinacaoCrossoverUmPontoInteira,MutacaoIncrementosLentos,50,0.85,0.06,5.928759454392967,2401.762248024595,6.016743000736384,1658.7766549523267,3649.029376
Dados de 5000 iteracoes_SelecaoUniformeInteira_RecombinacaoCrossoverUmPontoInteira_com PR 0.85_MutacaoIncrementosLentos_com PM 0.1_populacao 50.csv,5000,SelecaoUniformeInteira,RecombinacaoCrossoverUmPontoInteira,MutacaoIncrementosLentos,50,0.85,0.1,5.77138691745407,1651.8296402494097,8.962050303925057,1218.4854833621469,4047.67512
Dados de 5000 iteracoes_SelecaoUniformeInteira_RecombinacaoCrossoverUmPontoInteira_com PR 0.95_MutacaoIncrementosLentos_com PM 0.03_populacao 50.csv,5000,SelecaoUniformeInteira,RecombinacaoCrossoverUmPontoInteira,MutacaoIncrementosLentos,50,0.95,0.03,13.910958343906119,1437.863594106914,18.63221499776901,1304.1359876890665,3512.931802
Dados de 5000 iteracoes_SelecaoUniformeInteira_RecombinacaoCrossoverUmPontoInteira_com PR 0.95_MutacaoIncrementosLentos_com PM 0.06_populacao 50.csv,5000,SelecaoUniformeInteira,RecombinacaoCrossoverUmPontoInteira,MutacaoIncrementosLentos,50,0.95,0.06,6.165885794459727,2708.66295409905,6.381262096811655,2132.175158731464,3742.374139
Dados de 5000 iteracoes_SelecaoUniformeInteira_RecombinacaoCrossoverUmPontoInteira_com PR 0.95_MutacaoIncrementosLentos_com PM 0.1_populacao 50.csv,5000,SelecaoUniformeInteira,RecombinacaoCrossoverUmPontoInteira,MutacaoIncrementosLentos,50,0.95,0.1,6.337142857142857,2518.682954003315,6.449155788721301,1770.7104905775377,4198.057752
Dados de 5000 iteracoes_SelecaoUniformeInteira_RecombinacaoCrossoverUmPontoInteira_com PR 0.75_MutacaoIncrementosLentos_com PM 0.03_populacao 100.csv,5000,SelecaoUniformeInteira,RecombinacaoCrossoverUmPontoInteira,MutacaoIncrementosLentos,100,0.75,0.03,6.847061775564268,802.4667314335048,7.133727405334497,425.9166611958311,6666.777352
Dados de 5000 iteracoes_SelecaoUniformeInteira_RecombinacaoCrossoverUmPontoInteira_com PR 0.75_MutacaoIncrementosLentos_com PM 0.06_populacao 100.csv,5000,SelecaoUniformeInteira,RecombinacaoCrossoverUmPontoInteira,MutacaoIncrementosLentos,100,0.75,0.06,6.114285714285715,1988.6612331018823,7.432024342501196,1553.9631351847995,7628.000837
Dados de 5000 iteracoes_SelecaoUniformeInteira_RecombinacaoCrossoverUmPontoInteira_com PR 0.75_MutacaoIncrementosLentos_com PM 0.1_populacao 100.csv,5000,SelecaoUniformeInteira,RecombinacaoCrossoverUmPontoInteira,MutacaoIncrementosLentos,100,0.75,0.1,6.245885794459727,1577.204374650948,6.724147301955343,1565.134763810731,7858.021657
Dados de 5000 iteracoes_SelecaoUniformeInteira_RecombinacaoCrossoverUmPontoInteira_com PR 0.85_MutacaoIncrementosLentos_com PM 0.03_populacao 100.csv,5000,SelecaoUniformeInteira,RecombinacaoCrossoverUmPontoInteira,MutacaoIncrementosLentos,100,0.85,0.03,5.131428571428572,2145.267236621429,12.005476114114664,1664.667498176943,6677.292705
Dados de 5000 iteracoes_SelecaoUniformeInteira_RecombinacaoCrossoverUmPontoInteira_com PR 0.85_MutacaoIncrementosLentos_com PM 0.06_populacao 100.csv,5000,SelecaoUniformeInteira,RecombinacaoCrossoverUmPontoInteira,MutacaoIncrementosLentos,100,0.85,0.06,5.77138691745407,1727.6658624183985,6.584264595634215,1063.3536929360912,7313.460117
Dados de 5000 iteracoes_SelecaoUniformeInteira_RecombinacaoCrossoverUmPontoInteira_com PR 0.85_MutacaoIncrementosLentos_com PM 0.1_populacao 100.csv,5000,SelecaoUniformeInteira,RecombinacaoCrossoverUmPontoInteira,MutacaoIncrementosLentos,100,0.85,0.1,8.238918502377159,2131.7656988513163,8.988552712194615,1778.0242827830623,8119.713157
Dados de 5000 iteracoes_SelecaoUniformeInteira_RecombinacaoCrossoverUmPontoInteira_com PR 0.95_MutacaoIncrementosLentos_com PM 0.03_populacao 100.csv,5000,SelecaoUniformeInteira,RecombinacaoCrossoverUmPontoInteira,MutacaoIncrementosLentos,100,0.95,0.03,10.865566907973777,1907.663081928725,14.2938313526857,1527.4168372106833,6890.011634
Dados de 5000 iteracoes_SelecaoUniformeInteira_RecombinacaoCrossoverUmPontoInteira_com PR 0.95_MutacaoIncrementosLentos_com PM 0.06_populacao 100.csv,5000,SelecaoUniformeInteira,RecombinacaoCrossoverUmPontoInteira,MutacaoIncrementosLentos,100,0.95,0.06,7.53119761140631,2259.5635413872196,9.539902695168465,1986.8249010075317,7446.349842
Dados de 5000 iteracoes_SelecaoUniformeInteira_RecombinacaoCrossoverUmPontoInteira_com PR 0.95_MutacaoIncrementosLentos_com PM 0.1_populacao 100.csv,5000,SelecaoUniformeInteira,RecombinacaoCrossoverUmPontoInteira,MutacaoIncrementosLentos,100,0.95,0.1,7.07374423742044,2396.3638332357136,7.502851783269197,1610.515879845198,8278.632847
Dados de 5000 iteracoes_SelecaoUniformeInteira_RecombinacaoCrossoverUmPontoInteira_com PR 0.75_MutacaoIncrementosLentos_com PM 0.03_populacao 200.csv,5000,SelecaoUniformeInteira,RecombinacaoCrossoverUmPontoInteira,MutacaoIncrementosLentos,200,0.75,0.03,6.335295876035503,1721.285883881154,6.714356647133839,1200.1140860251767,13126.524333
Dados de 5000 iteracoes_SelecaoUniformeInteira_RecombinacaoCrossoverUmPontoInteira_com PR 0.75_MutacaoIncrementosLentos_com PM 0.06_populacao 200.csv,5000,SelecaoUniformeInteira,RecombinacaoCrossoverUmPontoInteira,MutacaoIncrementosLentos,200,0.75,0.06,5.77138691745407,1686.1839361667764,6.213846529137463,1206.0772870661228,14351.434514
Dados de 5000 iteracoes_SelecaoUniformeInteira_RecombinacaoCrossoverUmPontoInteira_com PR 0.75_MutacaoIncrementosLentos_com PM 0.1_populacao 200.csv,5000,SelecaoUniformeInteira,RecombinacaoCrossoverUmPontoInteira,MutacaoIncrementosLentos,200,0.75,0.1,5.279425986086083,638.6013041228997,5.570437802457784,993.1171739550598,15950.963836
Dados de 5000 iteracoes_SelecaoUniformeInteira_RecombinacaoCrossoverUmPontoInteira_com PR 0.85_MutacaoIncrementosLentos_com PM 0.03_populacao 200.csv,5000,SelecaoUniformeInteira,RecombinacaoCrossoverUmPontoInteira,MutacaoIncrementosLentos,200,0.85,0.03,6.271863035715674,1483.604129578933,7.132184472851014,1077.3064631927784,13538.185267
Dados de 5000 iteracoes_SelecaoUniformeInteira_RecombinacaoCrossoverUmPontoInteira_com PR 0.85_MutacaoIncrementosLentos_com PM 0.06_populacao 200.csv,5000,SelecaoUniformeInteira,RecombinacaoCrossoverUmPontoInteira,MutacaoIncrementosLentos,200,0.85,0.06,6.2516515234728995,1205.7506710123164,6.28582576173645,767.7673982626235,14744.920556
Dados de 5000 iteracoes_SelecaoUniformeInteira_RecombinacaoCrossoverUmPontoInteira_com PR 0.85_MutacaoIncrementosLentos_com PM 0.1_populacao 200.csv,5000,SelecaoUniformeInteira,RecombinacaoCrossoverUmPontoInteira,MutacaoIncrementosLentos,200,0.85,0.1,6.274285714285714,824.9760411949732,6.921871625443237,598.5907889871493,16254.502283
Dados de 5000 iteracoes_SelecaoUniformeInteira_RecombinacaoCrossoverUmPontoInteira_com PR 0.95_MutacaoIncrementosLentos_com PM 0.03_populacao 200.csv,5000,SelecaoUniformeInteira,RecombinacaoCrossoverUmPontoInteira,MutacaoIncrementosLentos,200,0.95,0.03,6.894667503750562,2213.425648178595,8.305625909045462,1298.5597695942345,13949.149964
Dados de 5000 iteracoes_SelecaoUniformeInteira_RecombinacaoCrossoverUmPontoInteira_com PR 0.95_MutacaoIncrementosLentos_com PM 0.06_populacao 200.csv,5000,SelecaoUniformeInteira,RecombinacaoCrossoverUmPontoInteira,MutacaoIncrementosLentos,200,0.95,0.06,5.025714285714286,1259.7517025060786,5.3914285714285715,1253.331607138934,15161.953324
Dados de 5000 iteracoes_SelecaoUniformeInteira_RecombinacaoCrossoverUmPontoInteira_com PR 0.95_MutacaoIncrementosLentos_com PM 0.1_populacao 200.csv,5000,SelecaoUniformeInteira,RecombinacaoCrossoverUmPontoInteira,MutacaoIncrementosLentos,200,0.95,0.1,6.4714285714285715,1069.692714465887,6.5162986458641585,920.3317363914556,16726.464577
Dados de 5000 iteracoes_SelecaoUniformeInteira_RecombinacaoCrossoverUmPontoInteira_com PR 0.75_MutacaoInicializacaoAleatoria_com PM 0.03_populacao 50.csv,5000,SelecaoUniformeInteira,RecombinacaoCrossoverUmPontoInteira,MutacaoInicializacaoAleatoria,50,0.75,0.03,10.052281109263495,1713.1861008705446,10.635174975479215,1981.7569243525832,3014.734476
Dados de 5000 iteracoes_SelecaoUniformeInteira_RecombinacaoCrossoverUmPontoInteira_com PR 0.75_MutacaoInicializacaoAleatoria_com PM 0.06_populacao 50.csv,5000,SelecaoUniformeInteira,RecombinacaoCrossoverUmPontoInteira,MutacaoInicializacaoAleatoria,50,0.75,0.06,7.032772683379686,2031.7097253260226,8.268135276697896,2594.243003019503,3094.500611
Dados de 5000 iteracoes_SelecaoUniformeInteira_RecombinacaoCrossoverUmPontoInteira_com PR 0.75_MutacaoInicializacaoAleatoria_com PM 0.1_populacao 50.csv,5000,SelecaoUniformeInteira,RecombinacaoCrossoverUmPontoInteira,MutacaoInicializacaoAleatoria,50,0.75,0.1,8.314195461063516,3112.6824795429798,8.502319618196356,2049.296877610824,3080.149059
Dados de 5000 iteracoes_SelecaoUniformeInteira_RecombinacaoCrossoverUmPontoInteira_com PR 0.85_MutacaoInicializacaoAleatoria_com PM 0.03_populacao 50.csv,5000,SelecaoUniformeInteira,RecombinacaoCrossoverUmPontoInteira,MutacaoInicializacaoAleatoria,50,0.85,0.03,7.173417418232176,1712.2110218987018,8.55285851466008,1711.7593757164102,3108.188679
Dados de 5000 iteracoes_SelecaoUniformeInteira_RecombinacaoCrossoverUmPontoInteira_com PR 0.85_MutacaoInicializacaoAleatoria_com PM 0.06_populacao 50.csv,5000,SelecaoUniformeInteira,RecombinacaoCrossoverUmPontoInteira,MutacaoInicializacaoAleatoria,50,0.85,0.06,5.269605859254915,1700.5063396512728,6.493215311220427,1682.0954061067537,3199.15112
Dados de 5000 iteracoes_SelecaoUniformeInteira_RecombinacaoCrossoverUmPontoInteira_com PR 0.85_MutacaoInicializacaoAleatoria_com PM 0.1_populacao 50.csv,5000,SelecaoUniformeInteira,RecombinacaoCrossoverUmPontoInteira,MutacaoInicializacaoAleatoria,50,0.85,0.1,10.845759962098136,1811.2850716040473,13.236243920640385,1638.5269241638043,3287.199825
Dados de 5000 iteracoes_SelecaoUniformeInteira_RecombinacaoCrossoverUmPontoInteira_com PR 0.95_MutacaoInicializacaoAleatoria_com PM 0.03_populacao 50.csv,5000,SelecaoUniformeInteira,RecombinacaoCrossoverUmPontoInteira,MutacaoInicializacaoAleatoria,50,0.95,0.03,6.884715561855089,2058.042187225434,10.472812740993636,1450.9178832714467,3192.58236
Dados de 5000 iteracoes_SelecaoUniformeInteira_RecombinacaoCrossoverUmPontoInteira_com PR 0.95_MutacaoInicializacaoAleatoria_com PM 0.06_populacao 50.csv,5000,SelecaoUniformeInteira,RecombinacaoCrossoverUmPontoInteira,MutacaoInicializacaoAleatoria,50,0.95,0.06,5.83475212058884,1762.764539773973,6.9473464869932675,1508.9689402025897,3307.975286
Dados de 5000 iteracoes_SelecaoUniformeInteira_RecombinacaoCrossoverUmPontoInteira_com PR 0.95_MutacaoInicializacaoAleatoria_com PM 0.1_populacao 50.csv,5000,SelecaoUniformeInteira,RecombinacaoCrossoverUmPontoInteira,MutacaoInicializacaoAleatoria,50,0.95,0.1,7.795630418463317,2717.5014280302607,9.333945516607336,2464.606174903418,3330.265374
Dados de 5000 iteracoes_SelecaoUniformeInteira_RecombinacaoCrossoverUmPontoInteira_com PR 0.75_MutacaoInicializacaoAleatoria_com PM 0.03_populacao 100.csv,5000,SelecaoUniformeInteira,RecombinacaoCrossoverUmPontoInteira,MutacaoInicializacaoAleatoria,100,0.75,0.03,6.814667503750562,900.5665305885512,7.336586718437794,965.7767421463618,6042.560367
Dados de 5000 iteracoes_SelecaoUniformeInteira_RecombinacaoCrossoverUmPontoInteira_com PR 0.75_MutacaoInicializacaoAleatoria_com PM 0.06_populacao 100.csv,5000,SelecaoUniformeInteira,RecombinacaoCrossoverUmPontoInteira,MutacaoInicializacaoAleatoria,100,0.75,0.06,7.254336325652959,2180.3649445128,9.371005520926122,1644.336897783649,6197.804023
Dados de 5000 iteracoes_SelecaoUniformeInteira_RecombinacaoCrossoverUmPontoInteira_com PR 0.75_MutacaoInicializacaoAleatoria_com PM 0.1_populacao 100.csv,5000,SelecaoUniformeInteira,RecombinacaoCrossoverUmPontoInteira,MutacaoInicializacaoAleatoria,100,0.75,0.1,5.621013272520646,1612.5447874094393,5.863363779117465,1202.445150211788,6250.356117
Dados de 5000 iteracoes_SelecaoUniformeInteira_RecombinacaoCrossoverUmPontoInteira_com PR 0.85_MutacaoInicializacaoAleatoria_com PM 0.03_populacao 100.csv,5000,SelecaoUniformeInteira,RecombinacaoCrossoverUmPontoInteira,MutacaoInicializacaoAleatoria,100,0.85,0.03,7.455473735278218,1809.4863302988258,11.357677864209165,1240.6603101980263,6224.764257
Dados de 5000 iteracoes_SelecaoUniformeInteira_RecombinacaoCrossoverUmPontoInteira_com PR 0.85_MutacaoInicializacaoAleatoria_com PM 0.06_populacao 100.csv,5000,SelecaoUniformeInteira,RecombinacaoCrossoverUmPontoInteira,MutacaoInicializacaoAleatoria,100,0.85,0.06,6.721147856248208,824.9067630002197,7.492355048163187,716.8671363213687,6346.585352
Dados de 5000 iteracoes_SelecaoUniformeInteira_RecombinacaoCrossoverUmPontoInteira_com PR 0.85_MutacaoInicializacaoAleatoria_com PM 0.1_populacao 100.csv,5000,SelecaoUniformeInteira,RecombinacaoCrossoverUmPontoInteira,MutacaoInicializacaoAleatoria,100,0.85,0.1,5.4100714891636645,1551.184112686247,7.985125029505265,1465.2364606691199,6494.452406
Dados de 5000 iteracoes_SelecaoUniformeInteira_RecombinacaoCrossoverUmPontoInteira_com PR 0.95_MutacaoInicializacaoAleatoria_com PM 0.03_populacao 100.csv,5000,SelecaoUniformeInteira,RecombinacaoCrossoverUmPontoInteira,MutacaoInicializacaoAleatoria,100,0.95,0.03,6.8344423540064785,1407.184903637706,9.126605564258373,1250.176515551698,6446.753509
Dados de 5000 iteracoes_SelecaoUniformeInteira_RecombinacaoCrossoverUmPontoInteira_com PR 0.95_MutacaoInicializacaoAleatoria_com PM 0.06_populacao 100.csv,5000,SelecaoUniformeInteira,RecombinacaoCrossoverUmPontoInteira,MutacaoInicializacaoAleatoria,100,0.95,0.06,6.768437313652367,2480.9623695969253,6.961163978768491,2048.0651671043465,6588.086375
Dados de 5000 iteracoes_SelecaoUniformeInteira_RecombinacaoCrossoverUmPontoInteira_com PR 0.95_MutacaoInicializacaoAleatoria_com PM 0.1_populacao 100.csv,5000,SelecaoUniformeInteira,RecombinacaoCrossoverUmPontoInteira,MutacaoInicializacaoAleatoria,100,0.95,0.1,6.875215048003006,1362.185262394419,6.879036095430074,2333.7347446955787,6647.60846
Dados de 5000 iteracoes_SelecaoUniformeInteira_RecombinacaoCrossoverUmPontoInteira_com PR 0.75_MutacaoInicializacaoAleatoria_com PM 0.03_populacao 200.csv,5000,SelecaoUniformeInteira,RecombinacaoCrossoverUmPontoInteira,MutacaoInicializacaoAleatoria,200,0.75,0.03,6.575544479475299,1381.0044364697662,6.596658230531345,1348.157246921179,12249.843012
Dados de 5000 iteracoes_SelecaoUniformeInteira_RecombinacaoCrossoverUmPontoInteira_com PR 0.75_MutacaoInicializacaoAleatoria_com PM 0.06_populacao 200.csv,5000,SelecaoUniformeInteira,RecombinacaoCrossoverUmPontoInteira,MutacaoInicializacaoAleatoria,200,0.75,0.06,5.7141321022345695,1144.3935678958997,6.492088177629681,884.3336634877902,12404.913949
Dados de 5000 iteracoes_SelecaoUniformeInteira_RecombinacaoCrossoverUmPontoInteira_com PR 0.75_MutacaoInicializacaoAleatoria_com PM 0.1_populacao 200.csv,5000,SelecaoUniformeInteira,RecombinacaoCrossoverUmPontoInteira,MutacaoInicializacaoAleatoria,200,0.75,0.1,6.102580994593824,1307.3677479109158,7.901197233249928,1122.3774149838514,12665.094734
Dados de 5000 iteracoes_SelecaoUniformeInteira_RecombinacaoCrossoverUmPontoInteira_com PR 0.85_MutacaoInicializacaoAleatoria_com PM 0.03_populacao 200.csv,5000,SelecaoUniformeInteira,RecombinacaoCrossoverUmPontoInteira,MutacaoInicializacaoAleatoria,200,0.85,0.03,6.800052311847569,455.9059015874424,6.847359907799065,305.6216279813137,12601.260281
Dados de 5000 iteracoes_SelecaoUniformeInteira_RecombinacaoCrossoverUmPontoInteira_com PR 0.85_MutacaoInicializacaoAleatoria_com PM 0.06_populacao 200.csv,5000,SelecaoUniformeInteira,RecombinacaoCrossoverUmPontoInteira,MutacaoInicializacaoAleatoria,200,0.85,0.06,6.255295876035503,544.0957864386447,6.290590835247615,405.9523272261566,12884.817032
Dados de 5000 iteracoes_SelecaoUniformeInteira_RecombinacaoCrossoverUmPontoInteira_com PR 0.85_MutacaoInicializacaoAleatoria_com PM 0.1_populacao 200.csv,5000,SelecaoUniformeInteira,RecombinacaoCrossoverUmPontoInteira,MutacaoInicializacaoAleatoria,200,0.85,0.1,5.279425986086083,1477.3894585571286,5.661141564471613,1003.1420606432496,13136.595372
Dados de 5000 iteracoes_SelecaoUniformeInteira_RecombinacaoCrossoverUmPontoInteira_com PR 0.95_MutacaoInicializacaoAleatoria_com PM 0.03_populacao 200.csv,5000,SelecaoUniformeInteira,RecombinacaoCrossoverUmPontoInteira,MutacaoInicializacaoAleatoria,200,0.95,0.03,6.677657173805905,1161.2507665306123,7.022619213168001,1208.2094184029738,13123.215327
Dados de 5000 iteracoes_SelecaoUniformeInteira_RecombinacaoCrossoverUmPontoInteira_com PR 0.95_MutacaoInicializacaoAleatoria_com PM 0.06_populacao 200.csv,5000,SelecaoUniformeInteira,RecombinacaoCrossoverUmPontoInteira,MutacaoInicializacaoAleatoria,200,0.95,0.06,4.765714285714286,2922.703688209432,5.268550601584177,1901.247420165369,13199.497979
Dados de 5000 iteracoes_SelecaoUniformeInteira_RecombinacaoCrossoverUmPontoInteira_com PR 0.95_MutacaoInicializacaoAleatoria_com PM 0.1_populacao 200.csv,5000,SelecaoUniformeInteira,RecombinacaoCrossoverUmPontoInteira,MutacaoInicializacaoAleatoria,200,0.95,0.1,6.184726547079801,388.1831459502745,6.436581930366085,687.2428111808118,13587.928449
Dados de 5000 iteracoes_SelecaoUniformeInteira_RecombinacaoCrossoverNPontosInteira_com PR 0.75_MutacaoIncrementosLentos_com PM 0.03_populacao 50.csv,5000,SelecaoUniformeInteira,RecombinacaoCrossoverNPontosInteira,MutacaoIncrementosLentos,50,0.75,0.03,6.82,3165.8642948151937,16.60474187225474,2002.618375889955,4050.66276
Dados de 5000 iteracoes_SelecaoUniformeInteira_RecombinacaoCrossoverNPontosInteira_com PR 0.75_MutacaoIncrementosLentos_com PM 0.06_populacao 50.csv,5000,SelecaoUniformeInteira,RecombinacaoCrossoverNPontosInteira,MutacaoIncrementosLentos,50,0.75,0.06,11.530677028199065,2953.4651220789333,13.687170999857813,2301.376138153967,4426.912185
Dados de 5000 iteracoes_SelecaoUniformeInteira_RecombinacaoCrossoverNPontosInteira_com PR 0.75_MutacaoIncrementosLentos_com PM 0.1_populacao 50.csv,5000,SelecaoUniformeInteira,RecombinacaoCrossoverNPontosInteira,MutacaoIncrementosLentos,50,0.75,0.1,4.719488802452774,2027.4449955533464,10.843814435124616,1319.4030193545414,4758.356364
Dados de 5000 iteracoes_SelecaoUniformeInteira_RecombinacaoCrossoverNPontosInteira_com PR 0.85_MutacaoIncrementosLentos_com PM 0.03_populacao 50.csv,5000,SelecaoUniformeInteira,RecombinacaoCrossoverNPontosInteira,MutacaoIncrementosLentos,50,0.85,0.03,6.875215048003006,3920.8819683794504,10.05352682546506,2548.3439184852687,4293.865744
Dados de 5000 iteracoes_SelecaoUniformeInteira_RecombinacaoCrossoverNPontosInteira_com PR 0.85_MutacaoIncrementosLentos_com PM 0.06_populacao 50.csv,5000,SelecaoUniformeInteira,RecombinacaoCrossoverNPontosInteira,MutacaoIncrementosLentos,50,0.85,0.06,6.043652746805974,2396.207335317092,6.638698492113207,2034.9757290866391,4593.070587
Dados de 5000 iteracoes_SelecaoUniformeInteira_RecombinacaoCrossoverNPontosInteira_com PR 0.85_MutacaoIncrementosLentos_com PM 0.1_populacao 50.csv,5000,SelecaoUniformeInteira,RecombinacaoCrossoverNPontosInteira,MutacaoIncrementosLentos,50,0.85,0.1,6.391081807527736,4291.6041946288215,6.467894651232903,3370.0047983918626,4977.204653
Dados de 5000 iteracoes_SelecaoUniformeInteira_RecombinacaoCrossoverNPontosInteira_com PR 0.95_MutacaoIncrementosLentos_com PM 0.03_populacao 50.csv,5000,SelecaoUniformeInteira,RecombinacaoCrossoverNPontosInteira,MutacaoIncrementosLentos,50,0.95,0.03,6.114178570424089,2924.582450604741,8.4234965086394,2908.3824180188244,4479.933415
Dados de 5000 iteracoes_SelecaoUniformeInteira_RecombinacaoCrossoverNPontosInteira_com PR 0.95_MutacaoIncrementosLentos_com PM 0.06_populacao 50.csv,5000,SelecaoUniformeInteira,RecombinacaoCrossoverNPontosInteira,MutacaoIncrementosLentos,50,0.95,0.06,6.8543767779574765,1664.5075115508616,10.943127097283604,1487.2870324501846,4825.594283
Dados de 5000 iteracoes_SelecaoUniformeInteira_RecombinacaoCrossoverNPontosInteira_com PR 0.95_MutacaoIncrementosLentos_com PM 0.1_populacao 50.csv,5000,SelecaoUniformeInteira,RecombinacaoCrossoverNPontosInteira,MutacaoIncrementosLentos,50,0.95,0.1,11.88175425099138,1162.3130173984628,14.14024139607891,1199.2104642679196,5157.534782
Dados de 5000 iteracoes_SelecaoUniformeInteira_RecombinacaoCrossoverNPontosInteira_com PR 0.75_MutacaoIncrementosLentos_com PM 0.03_populacao 100.csv,5000,SelecaoUniformeInteira,RecombinacaoCrossoverNPontosInteira,MutacaoIncrementosLentos,100,0.75,0.03,6.271863035715674,1618.6879468930301,6.777135922583316,1521.0349496427757,8120.925645
Dados de 5000 iteracoes_SelecaoUniformeInteira_RecombinacaoCrossoverNPontosInteira_com PR 0.75_MutacaoIncrementosLentos_com PM 0.06_populacao 100.csv,5000,SelecaoUniformeInteira,RecombinacaoCrossoverNPontosInteira,MutacaoIncrementosLentos,100,0.75,0.06,7.822666192761077,1336.9925231324232,8.714908680995753,1290.1903346882727,8758.749634
Dados de 5000 iteracoes_SelecaoUniformeInteira_RecombinacaoCrossoverNPontosInteira_com PR 0.75_MutacaoIncrementosLentos_com PM 0.1_populacao 100.csv,5000,SelecaoUniformeInteira,RecombinacaoCrossoverNPontosInteira,MutacaoIncrementosLentos,100,0.75,0.1,6.114178570424089,1792.3062013648473,6.645660713783474,1430.5851077297182,9514.173774
Dados de 5000 iteracoes_SelecaoUniformeInteira_RecombinacaoCrossoverNPontosInteira_com PR 0.85_MutacaoIncrementosLentos_com PM 0.03_populacao 100.csv,5000,SelecaoUniformeInteira,RecombinacaoCrossoverNPontosInteira,MutacaoIncrementosLentos,100,0.85,0.03,5.621013272520646,1857.1859849340165,5.7562209219746086,1749.2255182951749,8518.53471
Dados de 5000 iteracoes_SelecaoUniformeInteira_RecombinacaoCrossoverNPontosInteira_com PR 0.85_MutacaoIncrementosLentos_com PM 0.06_populacao 100.csv,5000,SelecaoUniformeInteira,RecombinacaoCrossoverNPontosInteira,MutacaoIncrementosLentos,100,0.85,0.06,7.0534313718179185,2419.605774376275,8.542121695628683,2888.0138681140215,9101.538472
Dados de 5000 iteracoes_SelecaoUniformeInteira_RecombinacaoCrossoverNPontosInteira_com PR 0.85_MutacaoIncrementosLentos_com PM 0.1_populacao 100.csv,5000,SelecaoUniformeInteira,RecombinacaoCrossoverNPontosInteira,MutacaoIncrementosLentos,100,0.85,0.1,6.641168720299746,1357.6905728219156,6.937456478860093,1460.1331877443445,9889.182464
Dados de 5000 iteracoes_SelecaoUniformeInteira_RecombinacaoCrossoverNPontosInteira_com PR 0.95_MutacaoIncrementosLentos_com PM 0.03_populacao 100.csv,5000,SelecaoUniformeInteira,RecombinacaoCrossoverNPontosInteira,MutacaoIncrementosLentos,100,0.95,0.03,8.392699857202102,1971.5672802959384,8.999925513216265,1379.699471008586,8967.240372
Dados de 5000 iteracoes_SelecaoUniformeInteira_RecombinacaoCrossoverNPontosInteira_com PR 0.95_MutacaoIncrementosLentos_com PM 0.06_populacao 100.csv,5000,SelecaoUniformeInteira,RecombinacaoCrossoverNPontosInteira,MutacaoIncrementosLentos,100,0.95,0.06,6.820534658898935,970.6071098061317,7.107849808476404,931.5031708220549,9607.707576
Dados de 5000 iteracoes_SelecaoUniformeInteira_RecombinacaoCrossoverNPontosInteira_com PR 0.95_MutacaoIncrementosLentos_com PM 0.1_populacao 100.csv,5000,SelecaoUniformeInteira,RecombinacaoCrossoverNPontosInteira,MutacaoIncrementosLentos,100,0.95,0.1,5.841788461903741,924.7176635016906,6.44760991686083,1292.3218821790779,10374.497356
Dados de 5000 iteracoes_SelecaoUniformeInteira_RecombinacaoCrossoverNPontosInteira_com PR 0.75_MutacaoIncrementosLentos_com PM 0.03_populacao 200.csv,5000,SelecaoUniformeInteira,RecombinacaoCrossoverNPontosInteira,MutacaoIncrementosLentos,200,0.75,0.03,6.954285714285715,2244.1865671312185,7.415329443000022,1387.3911010935083,16432.909097
Dados de 5000 iteracoes_SelecaoUniformeInteira_RecombinacaoCrossoverNPontosInteira_com PR 0.75_MutacaoIncrementosLentos_com PM 0.06_populacao 200.csv,5000,SelecaoUniformeInteira,RecombinacaoCrossoverNPontosInteira,MutacaoIncrementosLentos,200,0.75,0.06,6.32299221126399,1161.3264071963686,6.562070033756099,796.0603283161824,17529.097275
Dados de 5000 iteracoes_SelecaoUniformeInteira_RecombinacaoCrossoverNPontosInteira_com PR 0.75_MutacaoIncrementosLentos_com PM 0.1_populacao 200.csv,5000,SelecaoUniformeInteira,RecombinacaoCrossoverNPontosInteira,MutacaoIncrementosLentos,200,0.75,0.1,6.7591199175342656,1001.4559080653818,6.787713029177561,761.4489416446244,19256.0969
Dados de 5000 iteracoes_SelecaoUniformeInteira_RecombinacaoCrossoverNPontosInteira_com PR 0.85_MutacaoIncrementosLentos_com PM 0.03_populacao 200.csv,5000,SelecaoUniformeInteira,RecombinacaoCrossoverNPontosInteira,MutacaoIncrementosLentos,200,0.85,0.03,6.526989472816156,1442.2832714879894,6.891489805020254,966.1591525409189,17142.3473
Dados de 5000 iteracoes_SelecaoUniformeInteira_RecombinacaoCrossoverNPontosInteira_com PR 0.85_MutacaoIncrementosLentos_com PM 0.06_populacao 200.csv,5000,SelecaoUniformeInteira,RecombinacaoCrossoverNPontosInteira,MutacaoIncrementosLentos,200,0.85,0.06,6.537771981587389,2075.882272734968,6.56097794346686,1494.9012244457053,18485.417432
Dados de 5000 iteracoes_SelecaoUniformeInteira_RecombinacaoCrossoverNPontosInteira_com PR 0.85_MutacaoIncrementosLentos_com PM 0.1_populacao 200.csv,5000,SelecaoUniformeInteira,RecombinacaoCrossoverNPontosInteira,MutacaoIncrementosLentos,200,0.85,0.1,6.337142857142857,1496.2106437102038,6.496343668309079,1111.5511709923685,19948.55914
Dados de 5000 iteracoes_SelecaoUniformeInteira_RecombinacaoCrossoverNPontosInteira_com PR 0.95_MutacaoIncrementosLentos_com PM 0.03_populacao 200.csv,5000,SelecaoUniformeInteira,RecombinacaoCrossoverNPontosInteira,MutacaoIncrementosLentos,200,0.95,0.03,7.506335201775948,676.4012298630602,7.708339198539958,458.53967797446427,18011.740219
Dados de 5000 iteracoes_SelecaoUniformeInteira_RecombinacaoCrossoverNPontosInteira_com PR 0.95_MutacaoIncrementosLentos_com PM 0.06_populacao 200.csv,5000,SelecaoUniformeInteira,RecombinacaoCrossoverNPontosInteira,MutacaoIncrementosLentos,200,0.95,0.06,5.77138691745407,1159.6904773578985,5.882055446566578,1037.7037169179978,19389.723474
Dados de 5000 iteracoes_SelecaoUniformeInteira_RecombinacaoCrossoverNPontosInteira_com PR 0.95_MutacaoIncrementosLentos_com PM 0.1_populacao 200.csv,5000,SelecaoUniformeInteira,RecombinacaoCrossoverNPontosInteira,MutacaoIncrementosLentos,200,0.95,0.1,5.349605859254915,1424.284660200325,6.29277951150541,1739.7732265015502,20854.500777
Dados de 5000 iteracoes_SelecaoUniformeInteira_RecombinacaoCrossoverNPontosInteira_com PR 0.75_MutacaoInicializacaoAleatoria_com PM 0.03_populacao 50.csv,5000,SelecaoUniformeInteira,RecombinacaoCrossoverNPontosInteira,MutacaoInicializacaoAleatoria,50,0.75,0.03,9.475192571454091,2792.2842251985967,11.895201746153539,2058.8261803937316,3881.603657
Dados de 5000 iteracoes_SelecaoUniformeInteira_RecombinacaoCrossoverNPontosInteira_com PR 0.75_MutacaoInicializacaoAleatoria_com PM 0.06_populacao 50.csv,5000,SelecaoUniformeInteira,RecombinacaoCrossoverNPontosInteira,MutacaoInicializacaoAleatoria,50,0.75,0.06,7.261813560605333,2303.7446798012566,7.400150498791062,1900.9133832359057,3911.753984
Dados de 5000 iteracoes_SelecaoUniformeInteira_RecombinacaoCrossoverNPontosInteira_com PR 0.75_MutacaoInicializacaoAleatoria_com PM 0.1_populacao 50.csv,5000,SelecaoUniformeInteira,RecombinacaoCrossoverNPontosInteira,MutacaoInicializacaoAleatoria,50,0.75,0.1,6.664183905346331,1374.6315846985844,7.082998732975832,1390.4573175522562,3996.351116
Dados de 5000 iteracoes_SelecaoUniformeInteira_RecombinacaoCrossoverNPontosInteira_com PR 0.85_MutacaoInicializacaoAleatoria_com PM 0.03_populacao 50.csv,5000,SelecaoUniformeInteira,RecombinacaoCrossoverNPontosInteira,MutacaoInicializacaoAleatoria,50,0.85,0.03,14.256159105443828,2541.262217972064,50.171083172725886,2326.1238219725024,4071.810215
Dados de 5000 iteracoes_SelecaoUniformeInteira_RecombinacaoCrossoverNPontosInteira_com PR 0.85_MutacaoInicializacaoAleatoria_com PM 0.06_populacao 50.csv,5000,SelecaoUniformeInteira,RecombinacaoCrossoverNPontosInteira,MutacaoInicializacaoAleatoria,50,0.85,0.06,6.955215048003005,1444.1733753006513,8.06979097989267,1190.7420910773753,4139.647373
Dados de 5000 iteracoes_SelecaoUniformeInteira_RecombinacaoCrossoverNPontosInteira_com PR 0.85_MutacaoInicializacaoAleatoria_com PM 0.1_populacao 50.csv,5000,SelecaoUniformeInteira,RecombinacaoCrossoverNPontosInteira,MutacaoInicializacaoAleatoria,50,0.85,0.1,7.415990137224352,2601.4812710963633,11.02311980399103,1859.0248883755858,4127.857047
Dados de 5000 iteracoes_SelecaoUniformeInteira_RecombinacaoCrossoverNPontosInteira_com PR 0.95_MutacaoInicializacaoAleatoria_com PM 0.03_populacao 50.csv,5000,SelecaoUniformeInteira,RecombinacaoCrossoverNPontosInteira,MutacaoInicializacaoAleatoria,50,0.95,0.03,6.022580994593824,2283.7857918245627,14.784096852661866,1955.2479154290436,4293.375877
Dados de 5000 iteracoes_SelecaoUniformeInteira_RecombinacaoCrossoverNPontosInteira_com PR 0.95_MutacaoInicializacaoAleatoria_com PM 0.06_populacao 50.csv,5000,SelecaoUniformeInteira,RecombinacaoCrossoverNPontosInteira,MutacaoInicializacaoAleatoria,50,0.95,0.06,7.415990137224352,4516.600996412803,8.277719893857908,2823.2566820538013,4347.127176
Dados de 5000 iteracoes_SelecaoUniformeInteira_RecombinacaoCrossoverNPontosInteira_com PR 0.95_MutacaoInicializacaoAleatoria_com PM 0.1_populacao 50.csv,5000,SelecaoUniformeInteira,RecombinacaoCrossoverNPontosInteira,MutacaoInicializacaoAleatoria,50,0.95,0.1,7.15374423742044,1776.264035483575,7.27687211871022,1177.7768377020104,4369.251123
Dados de 5000 iteracoes_SelecaoUniformeInteira_RecombinacaoCrossoverNPontosInteira_com PR 0.75_MutacaoInicializacaoAleatoria_com PM 0.03_populacao 100.csv,5000,SelecaoUniformeInteira,RecombinacaoCrossoverNPontosInteira,MutacaoInicializacaoAleatoria,100,0.75,0.03,8.82550841921797,2219.062760872747,10.715138229118143,1943.1843595152245,7678.855104
Dados de 5000 iteracoes_SelecaoUniformeInteira_RecombinacaoCrossoverNPontosInteira_com PR 0.75_MutacaoInicializacaoAleatoria_com PM 0.06_populacao 100.csv,5000,SelecaoUniformeInteira,RecombinacaoCrossoverNPontosInteira,MutacaoInicializacaoAleatoria,100,0.75,0.06,6.391081807527736,2108.2825609431184,6.818110054538872,1706.4773846214887,7871.510845
Dados de 5000 iteracoes_SelecaoUniformeInteira_RecombinacaoCrossoverNPontosInteira_com PR 0.75_MutacaoInicializacaoAleatoria_com PM 0.1_populacao 100.csv,5000,SelecaoUniformeInteira,RecombinacaoCrossoverNPontosInteira,MutacaoInicializacaoAleatoria,100,0.75,0.1,4.80130460270828,1365.7102316966318,5.608343976301358,1236.1928696413643,7930.276042
Dados de 5000 iteracoes_SelecaoUniformeInteira_RecombinacaoCrossoverNPontosInteira_com PR 0.85_MutacaoInicializacaoAleatoria_com PM 0.03_populacao 100.csv,5000,SelecaoUniformeInteira,RecombinacaoCrossoverNPontosInteira,MutacaoInicializacaoAleatoria,100,0.85,0.03,6.547124524847006,2406.18224381954,7.394327757977317,1638.9353911585401,8138.269052
Dados de 5000 iteracoes_SelecaoUniformeInteira_RecombinacaoCrossoverNPontosInteira_com PR 0.85_MutacaoInicializacaoAleatoria_com PM 0.06_populacao 100.csv,5000,SelecaoUniformeInteira,RecombinacaoCrossoverNPontosInteira,MutacaoInicializacaoAleatoria,100,0.85,0.06,6.051428571428572,2144.2053416906174,6.335352036124373,1879.6868806657935,8263.145569
Dados de 5000 iteracoes_SelecaoUniformeInteira_RecombinacaoCrossoverNPontosInteira_com PR 0.85_MutacaoInicializacaoAleatoria_com PM 0.1_populacao 100.csv,5000,SelecaoUniformeInteira,RecombinacaoCrossoverNPontosInteira,MutacaoInicializacaoAleatoria,100,0.85,0.1,5.848759454392967,2008.3039842582116,6.517236870053626,1501.9772407349406,8364.302043
Dados de 5000 iteracoes_SelecaoUniformeInteira_RecombinacaoCrossoverNPontosInteira_com PR 0.95_MutacaoInicializacaoAleatoria_com PM 0.03_populacao 100.csv,5000,SelecaoUniformeInteira,RecombinacaoCrossoverNPontosInteira,MutacaoInicializacaoAleatoria,100,0.95,0.03,6.316495575223372,1706.0652067361393,7.46110493046883,1289.2506123460926,8552.298135
Dados de 5000 iteracoes_SelecaoUniformeInteira_RecombinacaoCrossoverNPontosInteira_com PR 0.95_MutacaoInicializacaoAleatoria_com PM 0.06_populacao 100.csv,5000,SelecaoUniformeInteira,RecombinacaoCrossoverNPontosInteira,MutacaoInicializacaoAleatoria,100,0.95,0.06,5.83475212058884,2092.9094408876826,6.6705436611823945,1682.5067515078015,8667.461702
Dados de 5000 iteracoes_SelecaoUniformeInteira_RecombinacaoCrossoverNPontosInteira_com PR 0.95_MutacaoInicializacaoAleatoria_com PM 0.1_populacao 100.csv,5000,SelecaoUniformeInteira,RecombinacaoCrossoverNPontosInteira,MutacaoInicializacaoAleatoria,100,0.95,0.1,6.185714285714286,1733.8076292031233,6.779134907617321,2112.785911777781,8727.367055
Dados de 5000 iteracoes_SelecaoUniformeInteira_RecombinacaoCrossoverNPontosInteira_com PR 0.75_MutacaoInicializacaoAleatoria_com PM 0.03_populacao 200.csv,5000,SelecaoUniformeInteira,RecombinacaoCrossoverNPontosInteira,MutacaoInicializacaoAleatoria,200,0.75,0.03,6.2647265470798015,1109.2080087211139,6.506648987825615,784.3576205143704,15665.399994
Dados de 5000 iteracoes_SelecaoUniformeInteira_RecombinacaoCrossoverNPontosInteira_com PR 0.75_MutacaoInicializacaoAleatoria_com PM 0.06_populacao 200.csv,5000,SelecaoUniformeInteira,RecombinacaoCrossoverNPontosInteira,MutacaoInicializacaoAleatoria,200,0.75,0.06,6.40299221126399,1753.7644015668764,6.97073982412039,1796.0234250725343,15866.00249
Dados de 5000 iteracoes_SelecaoUniformeInteira_RecombinacaoCrossoverNPontosInteira_com PR 0.75_MutacaoInicializacaoAleatoria_com PM 0.1_populacao 200.csv,5000,SelecaoUniformeInteira,RecombinacaoCrossoverNPontosInteira,MutacaoInicializacaoAleatoria,200,0.75,0.1,4.828571428571429,348.93177713190374,5.55180688225113,252.13755561002688,16005.356784
Dados de 5000 iteracoes_SelecaoUniformeInteira_RecombinacaoCrossoverNPontosInteira_com PR 0.85_MutacaoInicializacaoAleatoria_com PM 0.03_populacao 200.csv,5000,SelecaoUniformeInteira,RecombinacaoCrossoverNPontosInteira,MutacaoInicializacaoAleatoria,200,0.85,0.03,6.4714285714285715,1587.1872171831906,6.8787741333412145,1079.1868618764715,16403.246415
Dados de 5000 iteracoes_SelecaoUniformeInteira_RecombinacaoCrossoverNPontosInteira_com PR 0.85_MutacaoInicializacaoAleatoria_com PM 0.06_populacao 200.csv,5000,SelecaoUniformeInteira,RecombinacaoCrossoverNPontosInteira,MutacaoInicializacaoAleatoria,200,0.85,0.06,5.841788461903741,2649.7649911221843,6.5094656595233,1598.2089695288907,16585.036129
Dados de 5000 iteracoes_SelecaoUniformeInteira_RecombinacaoCrossoverNPontosInteira_com PR 0.85_MutacaoInicializacaoAleatoria_com PM 0.1_populacao 200.csv,5000,SelecaoUniformeInteira,RecombinacaoCrossoverNPontosInteira,MutacaoInicializacaoAleatoria,200,0.85,0.1,6.255295876035503,873.3347303383576,6.584869115020991,588.9660029376327,16819.951982
Dados de 5000 iteracoes_SelecaoUniformeInteira_RecombinacaoCrossoverNPontosInteira_com PR 0.95_MutacaoInicializacaoAleatoria_com PM 0.03_populacao 200.csv,5000,SelecaoUniformeInteira,RecombinacaoCrossoverNPontosInteira,MutacaoInicializacaoAleatoria,200,0.95,0.03,6.6791199175342655,1011.930008847283,7.044288727067513,754.5372277623526,17327.57308
Dados de 5000 iteracoes_SelecaoUniformeInteira_RecombinacaoCrossoverNPontosInteira_com PR 0.95_MutacaoInicializacaoAleatoria_com PM 0.06_populacao 200.csv,5000,SelecaoUniformeInteira,RecombinacaoCrossoverNPontosInteira,MutacaoInicializacaoAleatoria,200,0.95,0.06,4.430344088212291,993.2666839747596,5.336577950950927,589.9264183342144,17542.696506
Dados de 5000 iteracoes_SelecaoUniformeInteira_RecombinacaoCrossoverNPontosInteira_com PR 0.95_MutacaoInicializacaoAleatoria_com PM 0.1_populacao 200.csv,5000,SelecaoUniformeInteira,RecombinacaoCrossoverNPontosInteira,MutacaoInicializacaoAleatoria,200,0.95,0.1,6.042857142857144,914.8236128149083,6.5081442573375305,775.8116286666452,17736.922684
Dados de 10000 iteracoes_SelecaoFPS_RecombinacaoCrossoverUmPontoInteira_com PR 0.75_MutacaoIncrementosLentos_com PM 0.03_populacao 50.csv,10000,SelecaoFPS,RecombinacaoCrossoverUmPontoInteira,MutacaoIncrementosLentos,50,0.75,0.03,6.162811813689564,2153.206142916634,14.942640728745252,2250.443697728175,135016.648675
Dados de 10000 iteracoes_SelecaoFPS_RecombinacaoCrossoverUmPontoInteira_com PR 0.75_MutacaoIncrementosLentos_com PM 0.06_populacao 50.csv,10000,SelecaoFPS,RecombinacaoCrossoverUmPontoInteira,MutacaoIncrementosLentos,50,0.75,0.06,6.485885794459726,2407.9024413491343,6.597805604470137,2235.183598605393,109805.631965
Dados de 10000 iteracoes_SelecaoFPS_RecombinacaoCrossoverUmPontoInteira_com PR 0.75_MutacaoIncrementosLentos_com PM 0.1_populacao 50.csv,10000,SelecaoFPS,RecombinacaoCrossoverUmPontoInteira,MutacaoIncrementosLentos,50,0.75,0.1,6.107054518492115,3318.9409417471466,6.503794588695525,3155.062217784579,75310.823903
Dados de 10000 iteracoes_SelecaoFPS_RecombinacaoCrossoverUmPontoInteira_com PR 0.85_MutacaoIncrementosLentos_com PM 0.03_populacao 50.csv,10000,SelecaoFPS,RecombinacaoCrossoverUmPontoInteira,MutacaoIncrementosLentos,50,0.85,0.03,7.254336325652959,1949.8879616171487,7.9734619173355155,1629.0391786114806,168994.503096
Dados de 10000 iteracoes_SelecaoFPS_RecombinacaoCrossoverUmPontoInteira_com PR 0.85_MutacaoIncrementosLentos_com PM 0.06_populacao 50.csv,10000,SelecaoFPS,RecombinacaoCrossoverUmPontoInteira,MutacaoIncrementosLentos,50,0.85,0.06,6.184726547079801,2750.882805712914,7.767384650754831,2207.696431759263,102449.356503
Dados de 10000 iteracoes_SelecaoFPS_RecombinacaoCrossoverUmPontoInteira_com PR 0.85_MutacaoIncrementosLentos_com PM 0.1_populacao 50.csv,10000,SelecaoFPS,RecombinacaoCrossoverUmPontoInteira,MutacaoIncrementosLentos,50,0.85,0.1,7.43846574190711,2683.304396700847,7.610805079172466,2289.675495801688,71422.39574
Dados de 10000 iteracoes_SelecaoFPS_RecombinacaoCrossoverUmPontoInteira_com PR 0.95_MutacaoIncrementosLentos_com PM 0.03_populacao 50.csv,10000,SelecaoFPS,RecombinacaoCrossoverUmPontoInteira,MutacaoIncrementosLentos,50,0.95,0.03,7.185714285714286,2238.785426168718,9.798579809791596,1702.796916653936,146046.080868
Dados de 10000 iteracoes_SelecaoFPS_RecombinacaoCrossoverUmPontoInteira_com PR 0.95_MutacaoIncrementosLentos_com PM 0.06_populacao 50.csv,10000,SelecaoFPS,RecombinacaoCrossoverUmPontoInteira,MutacaoIncrementosLentos,50,0.95,0.06,5.647856705360771,1085.893220381801,6.097490615103888,2714.478049453521,102859.589245
Dados de 10000 iteracoes_SelecaoFPS_RecombinacaoCrossoverUmPontoInteira_com PR 0.95_MutacaoIncrementosLentos_com PM 0.1_populacao 50.csv,10000,SelecaoFPS,RecombinacaoCrossoverUmPontoInteira,MutacaoIncrementosLentos,50,0.95,0.1,7.477142273814361,2990.123494873733,7.5028067506403815,2209.864447136754,77281.885668
Dados de 10000 iteracoes_SelecaoFPS_RecombinacaoCrossoverUmPontoInteira_com PR 0.75_MutacaoIncrementosLentos_com PM 0.03_populacao 100.csv,10000,SelecaoFPS,RecombinacaoCrossoverUmPontoInteira,MutacaoIncrementosLentos,100,0.75,0.03,5.034285714285715,1359.3326217671597,5.558548763987639,1417.612829337944,698744.954479
Dados de 10000 iteracoes_SelecaoFPS_RecombinacaoCrossoverUmPontoInteira_com PR 0.75_MutacaoIncrementosLentos_com PM 0.06_populacao 100.csv,10000,SelecaoFPS,RecombinacaoCrossoverUmPontoInteira,MutacaoIncrementosLentos,100,0.75,0.06,6.688437313652368,1377.4098724321154,6.801110877759433,1362.1875973131177,451363.257438
Dados de 10000 iteracoes_SelecaoFPS_RecombinacaoCrossoverUmPontoInteira_com PR 0.75_MutacaoIncrementosLentos_com PM 0.1_populacao 100.csv,10000,SelecaoFPS,RecombinacaoCrossoverUmPontoInteira,MutacaoIncrementosLentos,100,0.75,0.1,5.704139417460184,725.8997812160844,6.132654068879965,606.5342354182784,322859.617276
Dados de 10000 iteracoes_SelecaoFPS_RecombinacaoCrossoverUmPontoInteira_com PR 0.85_MutacaoIncrementosLentos_com PM 0.03_populacao 100.csv,10000,SelecaoFPS,RecombinacaoCrossoverUmPontoInteira,MutacaoIncrementosLentos,100,0.85,0.03,5.526235210126295,1787.8854862411322,6.496507865283737,1374.340016515313,736160.28346
Dados de 10000 iteracoes_SelecaoFPS_RecombinacaoCrossoverUmPontoInteira_com PR 0.85_MutacaoIncrementosLentos_com PM 0.06_populacao 100.csv,10000,SelecaoFPS,RecombinacaoCrossoverUmPontoInteira,MutacaoIncrementosLentos,100,0.85,0.06,5.3300714891636645,2672.5029938982516,5.360750030296118,1402.1990444319026,461618.883217
Dados de 10000 iteracoes_SelecaoFPS_RecombinacaoCrossoverUmPontoInteira_com PR 0.85_MutacaoIncrementosLentos_com PM 0.1_populacao 100.csv,10000,SelecaoFPS,RecombinacaoCrossoverUmPontoInteira,MutacaoIncrementosLentos,100,0.85,0.1,6.725241607725739,1511.5847421117617,6.8743946260504645,1230.8254661226852,312752.495425
Dados de 10000 iteracoes_SelecaoFPS_RecombinacaoCrossoverUmPontoInteira_com PR 0.95_MutacaoIncrementosLentos_com PM 0.03_populacao 100.csv,10000,SelecaoFPS,RecombinacaoCrossoverUmPontoInteira,MutacaoIncrementosLentos,100,0.95,0.03,7.956373171714331,1965.1040718642594,9.526784714862368,1308.6084067494787,690720.954804
Dados de 10000 iteracoes_SelecaoFPS_RecombinacaoCrossoverUmPontoInteira_com PR 0.95_MutacaoIncrementosLentos_com PM 0.06_populacao 100.csv,10000,SelecaoFPS,RecombinacaoCrossoverUmPontoInteira,MutacaoIncrementosLentos,100,0.95,0.06,6.355042335930832,2642.883136641079,6.634742344968656,2127.1466355083917,443730.714658
Dados de 10000 iteracoes_SelecaoFPS_RecombinacaoCrossoverUmPontoInteira_com PR 0.95_MutacaoIncrementosLentos_com PM 0.1_populacao 100.csv,10000,SelecaoFPS,RecombinacaoCrossoverUmPontoInteira,MutacaoIncrementosLentos,100,0.95,0.1,4.789315964469611,1012.9099999506177,5.670372267949091,996.3010231808896,316441.839473
